<?xml version="1.0" encoding="UTF-8"?><rss version="2.0"
	xmlns:media="http://search.yahoo.com/mrss/"
	xmlns:content="http://purl.org/rss/1.0/modules/content/"
	xmlns:dc="http://purl.org/dc/elements/1.1/"
	xmlns:atom="http://www.w3.org/2005/Atom"
	xmlns:sy="http://purl.org/rss/1.0/modules/syndication/"
	
	>
<channel>
	<title>
	Commentaires sur : Une Super-Terre record battant aussi dense que le plomb, selon les scientifiques	</title>
	<atom:link href="/une-super-terre-record-battant-aussi-dense-que-le-plomb-selon-les-scientifiques/feed/" rel="self" type="application/rss+xml" />
	<link>/une-super-terre-record-battant-aussi-dense-que-le-plomb-selon-les-scientifiques/</link>
	<description></description>
	<lastBuildDate>Mon, 09 Dec 2024 08:51:19 +0000</lastBuildDate>
	<sy:updatePeriod>
	hourly	</sy:updatePeriod>
	<sy:updateFrequency>
	1	</sy:updateFrequency>
	<generator>https://wordpress.org/?v=6.7.1</generator>
</channel>
</rss>
