<?xml version="1.0" encoding="UTF-8"?><rss version="2.0"
	xmlns:media="http://search.yahoo.com/mrss/"
	xmlns:content="http://purl.org/rss/1.0/modules/content/"
	xmlns:dc="http://purl.org/dc/elements/1.1/"
	xmlns:atom="http://www.w3.org/2005/Atom"
	xmlns:sy="http://purl.org/rss/1.0/modules/syndication/"
	
	>
<channel>
	<title>
	Commentaires sur : L&#8217;étonnante histoire de la guérison par la lumière : du culte du Soleil à la science moderne	</title>
	<atom:link href="/letonnante-histoire-de-la-guerison-par-la-lumiere-du-culte-du-soleil-a-la-science-moderne/feed/" rel="self" type="application/rss+xml" />
	<link>/letonnante-histoire-de-la-guerison-par-la-lumiere-du-culte-du-soleil-a-la-science-moderne/</link>
	<description></description>
	<lastBuildDate>Mon, 09 Dec 2024 09:06:32 +0000</lastBuildDate>
	<sy:updatePeriod>
	hourly	</sy:updatePeriod>
	<sy:updateFrequency>
	1	</sy:updateFrequency>
	<generator>https://wordpress.org/?v=6.7.1</generator>
</channel>
</rss>
