<?xml version="1.0" encoding="UTF-8"?><rss version="2.0"
	xmlns:media="http://search.yahoo.com/mrss/"
	xmlns:content="http://purl.org/rss/1.0/modules/content/"
	xmlns:wfw="http://wellformedweb.org/CommentAPI/"
	xmlns:dc="http://purl.org/dc/elements/1.1/"
	xmlns:atom="http://www.w3.org/2005/Atom"
	xmlns:sy="http://purl.org/rss/1.0/modules/syndication/"
	xmlns:slash="http://purl.org/rss/1.0/modules/slash/"
	>

<channel>
	<title>Archives des Physique - pense</title>
	<atom:link href="/category/physique/feed/" rel="self" type="application/rss+xml" />
	<link>/category/physique/</link>
	<description></description>
	<lastBuildDate>Mon, 09 Dec 2024 09:10:09 +0000</lastBuildDate>
	<language>fr-FR</language>
	<sy:updatePeriod>
	hourly	</sy:updatePeriod>
	<sy:updateFrequency>
	1	</sy:updateFrequency>
	<generator>https://wordpress.org/?v=6.7.1</generator>

<image>
	<url>/wp-content/uploads/2024/12/favicon.png</url>
	<title>Archives des Physique - pense</title>
	<link>/category/physique/</link>
	<width>32</width>
	<height>32</height>
</image> 
	<item>
		<title>Les physiciens brassent un supersolide pour la première fois, prouvant sa nature duale bizarre</title>
		<link>/les-physiciens-brassent-un-supersolide-pour-la-premiere-fois-prouvant-sa-nature-duale-bizarre/</link>
					<comments>/les-physiciens-brassent-un-supersolide-pour-la-premiere-fois-prouvant-sa-nature-duale-bizarre/#respond</comments>
		
		<dc:creator><![CDATA[ApkF]]></dc:creator>
		<pubDate>Mon, 09 Dec 2024 09:10:09 +0000</pubDate>
				<category><![CDATA[Physique]]></category>
		<guid isPermaLink="false">/?p=138</guid>

					<description><![CDATA[<p>Des scientifiques ont déclaré mercredi qu&#8217;ils avaient réussi à brasser une étrange matière appelée « supersolide » &#8211; qui est à la fois rigide et fluide &#8211; pour la première fois, fournissant une preuve directe de la double nature de cette bizarrerie quantique. Dans la vie de tous les jours, il existe quatre états de la matière &#8230;</p>
<p>L’article <a href="/les-physiciens-brassent-un-supersolide-pour-la-premiere-fois-prouvant-sa-nature-duale-bizarre/">Les physiciens brassent un supersolide pour la première fois, prouvant sa nature duale bizarre</a> est apparu en premier sur <a href="/">pense</a>.</p>
]]></description>
										<content:encoded><![CDATA[<p data-sourcepos="3:1-3:256">Des scientifiques ont déclaré mercredi qu&rsquo;ils avaient réussi à brasser une étrange matière appelée « supersolide » &#8211; qui est à la fois rigide et fluide &#8211; pour la première fois, fournissant une preuve directe de la double nature de cette bizarrerie quantique.</p>
<p data-sourcepos="5:1-5:118">Dans la vie de tous les jours, il existe quatre états de la matière : solide, liquide, gaz et le plus rare, le plasma.</p>
<p data-sourcepos="7:1-7:286">Mais les physiciens étudient depuis longtemps ce que l&rsquo;on appelle les états de la matière « exotiques », qui sont créés à des niveaux d&rsquo;énergie incroyablement élevés ou à des températures si froides qu&rsquo;elles approchent du zéro absolu (-273,15 degrés Celsius ou -459,67 degrés Fahrenheit).</p>
<p data-sourcepos="9:1-9:117">Dans ces conditions extrêmes, la matière commence à se comporter très différemment de ce à quoi nous sommes habitués.</p>
<p data-sourcepos="11:1-11:189">Les fluides tels que les liquides ou les gaz peuvent avoir plus ou moins de résistance à l&rsquo;écoulement, ce qui est mesuré par la viscosité. Le miel, par exemple, est plus visqueux que l&rsquo;eau.</p>
<p data-sourcepos="13:1-13:143">Les superfluides, une matière exotique extrêmement froide, ont une viscosité nulle &#8211; il n&rsquo;y a aucune résistance, donc ils s&rsquo;écoulent librement.</p>
<p data-sourcepos="15:1-15:96">Si un superfluide était agité dans une tasse, il s&rsquo;écoulerait indéfiniment sans jamais ralentir.</p>
<p data-sourcepos="17:1-17:92">Il y a plus d&rsquo;un demi-siècle, les physiciens ont prédit l&rsquo;existence d&rsquo;un état « supersolide ».</p>
<p data-sourcepos="19:1-19:250">Il s&rsquo;agit d&rsquo;une matière qui possède les propriétés d&rsquo;un solide et d&rsquo;un superfluide, dans laquelle une fraction des atomes s&rsquo;écoule sans friction à travers le réseau &#8211; un arrangement régulier de points ou d&rsquo;objets &#8211; d&rsquo;une structure cristalline rigide.</p>
<p data-sourcepos="21:1-21:41">&lsquo;Comme des trous dans du fromage Gruyère&rsquo;</p>
<p data-sourcepos="23:1-23:127">Les chercheurs avaient déjà réussi à observer ces structures cristallines à l&rsquo;intérieur des supersolides de plusieurs manières.</p>
<p data-sourcepos="25:1-25:186">Mais une observation directe de la manière bizarre dont cette matière s&rsquo;écoule est restée insaisissable, a déclaré Francesca Ferlaino, physicienne à l&rsquo;Université d&rsquo;Innsbruck en Autriche.</p>
<p data-sourcepos="27:1-27:86">Jusqu&rsquo;à une nouvelle étude dirigée par Ferlaino publiée dans la revue Nature mercredi.</p>
<p data-sourcepos="29:1-29:192">L&rsquo;équipe a réussi à brasser un supersolide pour observer les minuscules tourbillons &#8211; appelés vortex quantiques &#8211; qui sont le « pistolet fumant de la superfluidité », a déclaré Ferlaino à l&rsquo;AFP.</p>
<p data-sourcepos="31:1-31:110">« Imaginez que vous ayez une tasse de café et que vous la tournez un peu avec une cuillère », a-t-elle expliqué.</p>
<p data-sourcepos="33:1-33:214">« Vous verrez le café tourner autour du centre, et si vous regardez de près, il peut y avoir un tourbillon au milieu où le liquide tourne le plus vite. C&rsquo;est un exemple classique de vortex dans un fluide ordinaire. »</p>
<p data-sourcepos="35:1-35:64">Imaginez maintenant que le café est remplacé par un superfluide.</p>
<p data-sourcepos="37:1-37:211">« Si vous tournez lentement la cuillère, vous serez surpris de voir que le superfluide ne tourne pas du tout avec la cuillère &#8211; il reste parfaitement immobile, comme si rien ne le dérangeait », a déclaré Ferlaino.</p>
<p data-sourcepos="39:1-39:249">« Cependant, si vous tournez la cuillère plus rapidement, au lieu de former un grand tourbillon au centre, quelque chose de remarquable se produit. Une série de minuscules tourbillons, ou vortex quantiques, commencent à apparaître », a-t-elle déclaré.</p>
<p data-sourcepos="41:1-41:108">« Ce sont comme de petits trous dans le fluide, chacun tournant à une vitesse spécifique », a-t-elle expliqué.</p>
<p data-sourcepos="43:1-43:182">« Au lieu de cela, ils s&rsquo;organisent en de beaux motifs réguliers à la surface du superfluide, presque comme les trous dans un morceau de fromage Gruyère, mais parfaitement organisés. »</p>
<p data-sourcepos="45:1-45:97">Simulation de vortex quantiques superposés à des données expérimentales. (Université d&rsquo;Innsbruck)</p>
<p data-sourcepos="47:1-47:18">Étoiles explosives</p>
<p data-sourcepos="47:1-47:18"><img decoding="async" src="data:image/gif;base64,R0lGODlhAQABAIAAAAAAAP///ywAAAAAAQABAAACAUwAOw==" fifu-lazy="1" fifu-data-sizes="auto" fifu-data-srcset="https://i2.wp.com/www.sciencealert.com/images/2024/11/quantum-vortices-confi-600x795.jpg?ssl=1&w=75&resize=75&ssl=1 75w, https://i2.wp.com/www.sciencealert.com/images/2024/11/quantum-vortices-confi-600x795.jpg?ssl=1&w=100&resize=100&ssl=1 100w, https://i2.wp.com/www.sciencealert.com/images/2024/11/quantum-vortices-confi-600x795.jpg?ssl=1&w=150&resize=150&ssl=1 150w, https://i2.wp.com/www.sciencealert.com/images/2024/11/quantum-vortices-confi-600x795.jpg?ssl=1&w=240&resize=240&ssl=1 240w, https://i2.wp.com/www.sciencealert.com/images/2024/11/quantum-vortices-confi-600x795.jpg?ssl=1&w=320&resize=320&ssl=1 320w, https://i2.wp.com/www.sciencealert.com/images/2024/11/quantum-vortices-confi-600x795.jpg?ssl=1&w=500&resize=500&ssl=1 500w, https://i2.wp.com/www.sciencealert.com/images/2024/11/quantum-vortices-confi-600x795.jpg?ssl=1&w=640&resize=640&ssl=1 640w, https://i2.wp.com/www.sciencealert.com/images/2024/11/quantum-vortices-confi-600x795.jpg?ssl=1&w=800&resize=800&ssl=1 800w, https://i2.wp.com/www.sciencealert.com/images/2024/11/quantum-vortices-confi-600x795.jpg?ssl=1&w=1024&resize=1024&ssl=1 1024w, https://i2.wp.com/www.sciencealert.com/images/2024/11/quantum-vortices-confi-600x795.jpg?ssl=1&w=1280&resize=1280&ssl=1 1280w, https://i2.wp.com/www.sciencealert.com/images/2024/11/quantum-vortices-confi-600x795.jpg?ssl=1&w=1600&resize=1600&ssl=1 1600w" class="aligncenter" fifu-data-src="https://i2.wp.com/www.sciencealert.com/images/2024/11/quantum-vortices-confi-600x795.jpg?ssl=1" /></p>
<p data-sourcepos="49:1-49:210">En 2021, l&rsquo;équipe de l&rsquo;Université d&rsquo;Innsbruck a créé un supersolide bidimensionnel de longue durée en refroidissant des atomes et des molécules particuliers à des températures extrêmement basses en laboratoire.</p>
<p data-sourcepos="51:1-51:199">« L&rsquo;étape suivante &#8211; développer un moyen d&rsquo;agiter le supersolide sans détruire son état fragile &#8211; a nécessité une précision encore plus grande », a déclaré l&rsquo;auteure principale de l&rsquo;étude, Eva Casotti.</p>
<p data-sourcepos="53:1-53:142">L&rsquo;équipe a utilisé des champs magnétiques pour faire tourner soigneusement leur supersolide, l&rsquo;agitant pour créer les jolis vortex quantiques.</p>
<p data-sourcepos="55:1-55:120">« Nos résultats nous donnent une preuve directe et solide de la double nature d&rsquo;un état supersolide », a déclaré Ferlaino.</p>
<p data-sourcepos="57:1-57:168">Les chercheurs affirment que la percée permettra de simuler en laboratoire des phénomènes qui ne se produisent normalement que dans des conditions extrêmement extrêmes.</p>
<p data-sourcepos="59:1-59:148">Cela inclut ce qui se passe au cœur des étoiles à neutrons, les noyaux incroyablement denses et compacts laissés par l&rsquo;explosion d&rsquo;étoiles massives.</p>
<p data-sourcepos="61:1-61:275">« On suppose que le changement de vitesse de rotation observé dans les étoiles à neutrons &#8211; les soi-disant glitches &#8211; est causé par des vortex superfluides piégés à l&rsquo;intérieur des étoiles à neutrons », a déclaré Thomas Bland, qui a travaillé sur le projet, dans un communiqué.</p>
<p>L’article <a href="/les-physiciens-brassent-un-supersolide-pour-la-premiere-fois-prouvant-sa-nature-duale-bizarre/">Les physiciens brassent un supersolide pour la première fois, prouvant sa nature duale bizarre</a> est apparu en premier sur <a href="/">pense</a>.</p>
]]></content:encoded>
					
					<wfw:commentRss>/les-physiciens-brassent-un-supersolide-pour-la-premiere-fois-prouvant-sa-nature-duale-bizarre/feed/</wfw:commentRss>
			<slash:comments>0</slash:comments>
		
		
		<media:content url="https://www.sciencealert.com/images/2019-04/processed/018-supersolid-guantum-gas-matter_1024.jpg" medium="image"></media:content>
				</item>
		<item>
		<title>Les ordinateurs trouvent une solution impossible, battant la technologie quantique à son propre jeu</title>
		<link>/les-ordinateurs-trouvent-une-solution-impossible-battant-la-technologie-quantique-a-son-propre-jeu/</link>
					<comments>/les-ordinateurs-trouvent-une-solution-impossible-battant-la-technologie-quantique-a-son-propre-jeu/#respond</comments>
		
		<dc:creator><![CDATA[ApkF]]></dc:creator>
		<pubDate>Sun, 08 Dec 2024 15:03:25 +0000</pubDate>
				<category><![CDATA[Physique]]></category>
		<guid isPermaLink="false">/?p=55</guid>

					<description><![CDATA[<p>Plus tôt cette année, des expériences ont pulvérisé les attentes en repoussant les limites de ce que l&#8217;on croyait possible avec l&#8217;informatique classique. Non seulement la technologie binaire à l&#8217;ancienne a résolu un problème considéré comme unique au traitement quantique, mais elle l&#8217;a également surpassé. Désormais, des physiciens du Center for Computational Quantum Physics du &#8230;</p>
<p>L’article <a href="/les-ordinateurs-trouvent-une-solution-impossible-battant-la-technologie-quantique-a-son-propre-jeu/">Les ordinateurs trouvent une solution impossible, battant la technologie quantique à son propre jeu</a> est apparu en premier sur <a href="/">pense</a>.</p>
]]></description>
										<content:encoded><![CDATA[<p data-sourcepos="5:1-5:306">Plus tôt cette année, des expériences ont pulvérisé les attentes en repoussant les limites de ce que l&rsquo;on croyait possible avec l&rsquo;informatique classique. Non seulement la technologie binaire à l&rsquo;ancienne a résolu un problème considéré comme unique au traitement quantique, mais elle l&rsquo;a également surpassé.</p>
<p data-sourcepos="7:1-7:264">Désormais, des physiciens du Center for Computational Quantum Physics du Flatiron Institute aux États-Unis ont une explication pour cet exploit, qui pourrait aider à mieux définir les frontières entre les deux méthodes de calcul numérique radicalement différentes.</p>
<p data-sourcepos="9:1-9:216">Le problème implique la simulation de la dynamique de ce que l&rsquo;on appelle un modèle d&rsquo;Ising à champ transverse (TFI), qui décrit l&rsquo;alignement des états de spin quantique entre des particules réparties dans un espace.</p>
<p data-sourcepos="11:1-11:263">Étant donné la nature du problème, il était considéré comme un sujet parfait pour tester les limites actuelles de l&rsquo;informatique quantique, qui utilise les mathématiques des probabilités derrière les particules non observées existant dans un flou indécis d&rsquo;états.</p>
<p data-sourcepos="13:1-13:130">Aussi réussi que cet essai ait été, des expériences de suivi ont montré que les ordinateurs classiques peuvent également le faire.</p>
<p data-sourcepos="15:1-15:313">Selon Joseph Tindall et Dries Sels du Flatiron Institute, cela est possible grâce à un comportement appelé confinement, dans lequel des états extrêmement stables apparaissent dans le chaos interconnecté des propriétés indécises des particules, donnant à un ordinateur classique quelque chose qu&rsquo;il peut modéliser.</p>
<p data-sourcepos="17:1-17:190">« Nous n&rsquo;avons pas vraiment introduit de techniques de pointe », déclare Tindall. « Nous avons rassemblé de nombreuses idées de manière concise et élégante, ce qui a rendu le problème soluble. »</p>
<p data-sourcepos="19:1-19:96">Le confinement rend le problème plus facile à résoudre. (Lucy Reading-Ikkanda/Simons Foundation)</p>
<p data-sourcepos="21:1-21:212">La clé de la recherche était d&rsquo;identifier la présence du confinement dans le modèle TFI et de l&rsquo;utiliser. Le confinement n&rsquo;est pas un phénomène nouveau, mais jusqu&rsquo;à présent, il n&rsquo;avait pas été associé au modèle.</p>
<p data-sourcepos="23:1-23:379">Le confinement maintient les particules dans des grappes plus petites, limitant l&rsquo;énergie disponible et érigeant des barrières aux modèles d&rsquo;intrication qui peuvent se propager dans un système &#8211; ces combinaisons de probabilités caractéristiques de la physique quantique. C&rsquo;est un peu comme ne devoir résoudre qu&rsquo;un petit coin d&rsquo;un gigantesque puzzle, plutôt que le puzzle entier.</p>
<p data-sourcepos="25:1-25:259">Grâce à une série de simulations et de calculs, l&rsquo;équipe de recherche a pu démontrer que les algorithmes informatiques classiques pouvaient décrire ce qui se passait dans le modèle TFI, mais de manière plus efficace et plus précise qu&rsquo;un ordinateur quantique.</p>
<p data-sourcepos="27:1-27:201">« Dans ce système, les aimants ne vont pas simplement se brouiller soudainement », déclare Tindall. « Ils vont simplement osciller autour de leur état initial, même sur de très longues échelles de temps. »</p>
<p data-sourcepos="29:1-29:190">« C&rsquo;est assez intéressant d&rsquo;un point de vue physique, car cela signifie que le système reste dans un état qui a une structure très spécifique et n&rsquo;est pas simplement complètement désordonné. »</p>
<p data-sourcepos="31:1-31:456">Les résultats fixent des limites à ce que l&rsquo;on peut attendre du potentiel des ordinateurs quantiques ; plus précisément, quelles tâches ils pourraient être capables d&rsquo;accomplir que les systèmes informatiques traditionnels ne peuvent pas (nous pouvons maintenant barrer celle-ci de la liste). Cependant, une grande partie de cette promesse reste à réaliser, et les scientifiques continuent de pousser et de sonder ces systèmes pour voir ce qui est possible.</p>
<p data-sourcepos="33:1-33:169">« Il y a une certaine frontière qui sépare ce qui peut être fait avec l&rsquo;informatique quantique et ce qui peut être fait avec les ordinateurs classiques », déclare Tindall.</p>
<p data-sourcepos="35:1-35:137">« Pour le moment, cette frontière est incroyablement floue. Je pense que notre travail contribue à clarifier un peu plus cette frontière. »</p>
<p>L’article <a href="/les-ordinateurs-trouvent-une-solution-impossible-battant-la-technologie-quantique-a-son-propre-jeu/">Les ordinateurs trouvent une solution impossible, battant la technologie quantique à son propre jeu</a> est apparu en premier sur <a href="/">pense</a>.</p>
]]></content:encoded>
					
					<wfw:commentRss>/les-ordinateurs-trouvent-une-solution-impossible-battant-la-technologie-quantique-a-son-propre-jeu/feed/</wfw:commentRss>
			<slash:comments>0</slash:comments>
		
		
		<media:content url="https://www.sciencealert.com/images/2024/10/QuantumModel.jpg" medium="image"></media:content>
				</item>
		<item>
		<title>Les physiciens pourraient avoir trouvé comment transporter l&#8217;antimatière en toute sécurité</title>
		<link>/les-physiciens-pourraient-avoir-trouve-comment-transporter-lantimatiere-en-toute-securite/</link>
					<comments>/les-physiciens-pourraient-avoir-trouve-comment-transporter-lantimatiere-en-toute-securite/#respond</comments>
		
		<dc:creator><![CDATA[ApkF]]></dc:creator>
		<pubDate>Sun, 08 Dec 2024 14:59:46 +0000</pubDate>
				<category><![CDATA[Physique]]></category>
		<guid isPermaLink="false">/?p=46</guid>

					<description><![CDATA[<p>Des physiciens ont réalisé une percée majeure dans le transport de l&#8217;antimatière, en réussissant un essai à blanc en utilisant d&#8217;autres particules subatomiques. C&#8217;est la première fois que des particules libres sont transportées de cette manière, et cela ouvre la voie à une méthode d&#8217;expédition de l&#8217;antimatière du CERN vers des installations qui peuvent l&#8217;étudier &#8230;</p>
<p>L’article <a href="/les-physiciens-pourraient-avoir-trouve-comment-transporter-lantimatiere-en-toute-securite/">Les physiciens pourraient avoir trouvé comment transporter l&rsquo;antimatière en toute sécurité</a> est apparu en premier sur <a href="/">pense</a>.</p>
]]></description>
										<content:encoded><![CDATA[<p data-sourcepos="5:1-5:160">Des physiciens ont réalisé une percée majeure dans le transport de l&rsquo;antimatière, en réussissant un essai à blanc en utilisant d&rsquo;autres particules subatomiques.</p>
<p data-sourcepos="7:1-7:242">C&rsquo;est la première fois que des particules libres sont transportées de cette manière, et cela ouvre la voie à une méthode d&rsquo;expédition de l&rsquo;antimatière du CERN vers des installations qui peuvent l&rsquo;étudier avec une précision encore plus grande.</p>
<p data-sourcepos="9:1-9:289">L&rsquo;antimatière ne voyage pas bien &#8211; après tout, elle a tendance à simplement s&rsquo;annihiler dans n&rsquo;importe quel conteneur où vous la placez. Mais les scientifiques du CERN ont développé un piège spécialisé qu&rsquo;ils appellent BASE-STEP, qui pourrait contenir et transporter cette étrange matière.</p>
<p data-sourcepos="11:1-11:267">Fin octobre, l&rsquo;équipe a démontré que BASE-STEP fonctionne comme prévu, en chargeant 70 protons non liés dans le piège, en le chargeant sur un camion et en le conduisant à travers le site principal du CERN. Heureusement, la cargaison fragile a survécu au court voyage.</p>
<p data-sourcepos="13:1-13:271">« Si vous pouvez le faire avec des protons, cela fonctionnera aussi avec des antiprotons », déclare Christian Smorra, physicien au CERN et responsable de BASE-STEP. « La seule différence est que vous avez besoin d&rsquo;une chambre à vide beaucoup meilleure pour les antiprotons. »</p>
<p data-sourcepos="15:1-15:94">Le piège BASE-STEP (en haut) est descendu par une grue sur un camion pour l&rsquo;expérience. (CERN)</p>
<p data-sourcepos="17:1-17:357">L&rsquo;antimatière est en quelque sorte le « jumeau maléfique » de la matière ordinaire &#8211; la principale différence est qu&rsquo;une particule et son antiparticule ont une charge opposée. Cela semble simple, mais les ramifications sont énormes. Si les particules d&rsquo;antimatière touchent celles de la matière normale, même l&rsquo;air, elles s&rsquo;annihilent dans un éclat d&rsquo;énergie.</p>
<p data-sourcepos="19:1-19:398">En conséquence, l&rsquo;antimatière a généralement une existence éphémère, ce qui signifie qu&rsquo;elle est difficile à fabriquer et encore plus difficile à étudier. Le Décélérateur d&rsquo;Antiprotons (AD) du CERN est l&rsquo;un des rares endroits sur Terre qui peut créer de l&rsquo;antimatière de manière constante, et elle est ensuite alimentée dans une série d&rsquo;expériences voisines qui l&rsquo;examinent de différentes manières.</p>
<p data-sourcepos="21:1-21:371">Pour stocker la matière suffisamment longtemps pour l&rsquo;étudier, l&rsquo;antimatière doit être suspendue dans un champ électromagnétique pour l&#8217;empêcher de toucher les parois. L&rsquo;expérience BASE fait exactement cela, et elle peut stocker des particules d&rsquo;antimatière pendant plus d&rsquo;un an. Cependant, il n&rsquo;y a qu&rsquo;un nombre limité d&rsquo;expériences qui peuvent être réalisées sur place.</p>
<p data-sourcepos="23:1-23:188">« L&rsquo;équipement d&rsquo;accélérateur dans le hall AD génère des fluctuations de champ magnétique qui limitent la précision de nos mesures », explique Stefan Ulmer, physicien des particules au CERN.</p>
<p data-sourcepos="25:1-25:137">« Si nous voulons obtenir une compréhension encore plus profonde des propriétés fondamentales des antiprotons, nous devons nous déplacer. »</p>
<p data-sourcepos="27:1-27:345">C&rsquo;est pourquoi le CERN a construit BASE-STEP, une version plus petite et portable de 1,9 mètre de long, soit un cinquième de la taille de BASE. Il est conçu pour protéger les antiparticules des chocs et des secousses que l&rsquo;on peut attendre lors d&rsquo;un voyage en voiture, et pour ce faire, il y a beaucoup d&rsquo;équipement entassé dans ce petit espace.</p>
<p data-sourcepos="27:1-27:345"><img decoding="async" src="data:image/gif;base64,R0lGODlhAQABAIAAAAAAAP///ywAAAAAAQABAAACAUwAOw==" fifu-lazy="1" fifu-data-sizes="auto" fifu-data-srcset="https://i1.wp.com/www.sciencealert.com/images/2024/10/CERN-BASE-STEP-600x900.jpg?ssl=1&w=75&resize=75&ssl=1 75w, https://i1.wp.com/www.sciencealert.com/images/2024/10/CERN-BASE-STEP-600x900.jpg?ssl=1&w=100&resize=100&ssl=1 100w, https://i1.wp.com/www.sciencealert.com/images/2024/10/CERN-BASE-STEP-600x900.jpg?ssl=1&w=150&resize=150&ssl=1 150w, https://i1.wp.com/www.sciencealert.com/images/2024/10/CERN-BASE-STEP-600x900.jpg?ssl=1&w=240&resize=240&ssl=1 240w, https://i1.wp.com/www.sciencealert.com/images/2024/10/CERN-BASE-STEP-600x900.jpg?ssl=1&w=320&resize=320&ssl=1 320w, https://i1.wp.com/www.sciencealert.com/images/2024/10/CERN-BASE-STEP-600x900.jpg?ssl=1&w=500&resize=500&ssl=1 500w, https://i1.wp.com/www.sciencealert.com/images/2024/10/CERN-BASE-STEP-600x900.jpg?ssl=1&w=640&resize=640&ssl=1 640w, https://i1.wp.com/www.sciencealert.com/images/2024/10/CERN-BASE-STEP-600x900.jpg?ssl=1&w=800&resize=800&ssl=1 800w, https://i1.wp.com/www.sciencealert.com/images/2024/10/CERN-BASE-STEP-600x900.jpg?ssl=1&w=1024&resize=1024&ssl=1 1024w, https://i1.wp.com/www.sciencealert.com/images/2024/10/CERN-BASE-STEP-600x900.jpg?ssl=1&w=1280&resize=1280&ssl=1 1280w, https://i1.wp.com/www.sciencealert.com/images/2024/10/CERN-BASE-STEP-600x900.jpg?ssl=1&w=1600&resize=1600&ssl=1 1600w" class="aligncenter" fifu-data-src="https://i1.wp.com/www.sciencealert.com/images/2024/10/CERN-BASE-STEP-600x900.jpg?ssl=1" /></p>
<p data-sourcepos="29:1-29:298">BASE-STEP contient une chambre à vide pour contenir les antiparticules, un aimant supraconducteur pour créer les champs électromagnétiques nécessaires à leur suspension, un système cryogénique utilisant de l&rsquo;hélium liquide pour refroidir cet aimant, et des batteries pour faire fonctionner le tout.</p>
<p data-sourcepos="31:1-31:393">Pour ce premier essai, les scientifiques n&rsquo;ont pas utilisé de particules d&rsquo;antimatière mais 70 protons libres, qui sont également sensibles aux chocs. Ces particules non liées sont juste prêtes à former de nouvelles liaisons, donc si elles se bousculent trop, elles seront attirées à nouveau dans les noyaux atomiques. Elles sont beaucoup moins précieuses à perdre si elles ne parviennent pas.</p>
<p data-sourcepos="33:1-33:289">L&rsquo;essai a été couronné de succès, les protons faisant leur voyage en camion à travers le site. Après quelques ajustements, l&rsquo;équipe prévoit de transporter sa première cargaison d&rsquo;antimatière l&rsquo;année prochaine. Une autre expérience appelée PUMA vise également à faire la même chose en 2025.</p>
<p data-sourcepos="33:1-33:289">
<p data-sourcepos="35:1-35:261">« Finalement, nous voulons pouvoir transporter de l&rsquo;antimatière vers nos laboratoires de précision dédiés à l&rsquo;Université Heinrich Heine de Düsseldorf, ce qui nous permettra d&rsquo;étudier l&rsquo;antimatière avec une précision au moins 100 fois supérieure », déclare Smorra.</p>
<p data-sourcepos="37:1-37:218">« À long terme, nous voulons pouvoir le transporter dans n&rsquo;importe quel laboratoire d&rsquo;Europe. Cela signifie que nous devons avoir un générateur d&rsquo;électricité sur le camion. Nous étudions actuellement cette possibilité. »</p>
<p>L’article <a href="/les-physiciens-pourraient-avoir-trouve-comment-transporter-lantimatiere-en-toute-securite/">Les physiciens pourraient avoir trouvé comment transporter l&rsquo;antimatière en toute sécurité</a> est apparu en premier sur <a href="/">pense</a>.</p>
]]></content:encoded>
					
					<wfw:commentRss>/les-physiciens-pourraient-avoir-trouve-comment-transporter-lantimatiere-en-toute-securite/feed/</wfw:commentRss>
			<slash:comments>0</slash:comments>
		
		
		<media:content url="https://www.sciencealert.com/images/2024/10/ProtonStructure.jpg" medium="image"></media:content>
				</item>
	</channel>
</rss>
