<?xml version="1.0" encoding="UTF-8"?><rss version="2.0"
	xmlns:media="http://search.yahoo.com/mrss/"
	xmlns:content="http://purl.org/rss/1.0/modules/content/"
	xmlns:wfw="http://wellformedweb.org/CommentAPI/"
	xmlns:dc="http://purl.org/dc/elements/1.1/"
	xmlns:atom="http://www.w3.org/2005/Atom"
	xmlns:sy="http://purl.org/rss/1.0/modules/syndication/"
	xmlns:slash="http://purl.org/rss/1.0/modules/slash/"
	>

<channel>
	<title>Archives des Espace - pense</title>
	<atom:link href="/category/espace/feed/" rel="self" type="application/rss+xml" />
	<link>/category/espace/</link>
	<description></description>
	<lastBuildDate>Mon, 09 Dec 2024 08:55:17 +0000</lastBuildDate>
	<language>fr-FR</language>
	<sy:updatePeriod>
	hourly	</sy:updatePeriod>
	<sy:updateFrequency>
	1	</sy:updateFrequency>
	<generator>https://wordpress.org/?v=6.7.1</generator>

<image>
	<url>/wp-content/uploads/2024/12/favicon.png</url>
	<title>Archives des Espace - pense</title>
	<link>/category/espace/</link>
	<width>32</width>
	<height>32</height>
</image> 
	<item>
		<title>Une nouvelle formule de l&#8217;énergie noire pourrait redéfinir la recherche de vie extraterrestre</title>
		<link>/une-nouvelle-formule-de-lenergie-noire-pourrait-redefinir-la-recherche-de-vie-extraterrestre/</link>
					<comments>/une-nouvelle-formule-de-lenergie-noire-pourrait-redefinir-la-recherche-de-vie-extraterrestre/#respond</comments>
		
		<dc:creator><![CDATA[ApkF]]></dc:creator>
		<pubDate>Mon, 09 Dec 2024 08:55:17 +0000</pubDate>
				<category><![CDATA[Espace]]></category>
		<guid isPermaLink="false">/?p=117</guid>

					<description><![CDATA[<p>L&#8217;une des plus grandes énigmes existentielles, et la plus difficile à résoudre, est de savoir si la Terre est seule dans cet univers à porter la seule bougie de vie intelligente dans l&#8217;obscurité. D&#8217;après nos observations, nous semblons être uniques. Mais il y a plusieurs raisons possibles pour lesquelles nous n&#8217;avons pas détecté la lumière &#8230;</p>
<p>L’article <a href="/une-nouvelle-formule-de-lenergie-noire-pourrait-redefinir-la-recherche-de-vie-extraterrestre/">Une nouvelle formule de l&rsquo;énergie noire pourrait redéfinir la recherche de vie extraterrestre</a> est apparu en premier sur <a href="/">pense</a>.</p>
]]></description>
										<content:encoded><![CDATA[<p data-sourcepos="3:1-3:195">L&rsquo;une des plus grandes énigmes existentielles, et la plus difficile à résoudre, est de savoir si la Terre est seule dans cet univers à porter la seule bougie de vie intelligente dans l&rsquo;obscurité.</p>
<p data-sourcepos="5:1-5:275">D&rsquo;après nos observations, nous semblons être uniques. Mais il y a plusieurs raisons possibles pour lesquelles nous n&rsquo;avons pas détecté la lumière d&rsquo;une civilisation extraterrestre ailleurs dans la Voie Lactée, et plusieurs facteurs pourraient influencer son émergence ou non.</p>
<p data-sourcepos="7:1-7:23">Il y a un peu plus d&rsquo;un demi-siècle, ces variables ont été assemblées dans un outil connu sous le nom d&rsquo;équation de Drake, permettant aux scientifiques de jouer et de réfléchir.</p>
<p data-sourcepos="9:1-9:266">Mais une variable manquait à l&rsquo;équation de Drake, que l&rsquo;équipe dirigée par le physicien Daniele Sorini de l&rsquo;Université de Durham au Royaume-Uni a incluse comme base d&rsquo;un nouveau calcul : l&rsquo;effet de l&rsquo;énergie noire sur le taux de formation des étoiles dans l&rsquo;Univers.</p>
<p data-sourcepos="11:1-11:125">« Comprendre l&rsquo;énergie noire et son impact sur notre Univers est l&rsquo;un des plus grands défis de la cosmologie et de la physique fondamentale », explique Sorini. « Les paramètres qui régissent notre Univers, y compris la densité de l&rsquo;énergie noire, pourraient expliquer notre propre existence. »</p>
<p data-sourcepos="13:1-13:99">L&rsquo;équation de Drake. Cliquez ici pour une version en taille réelle. (NOIRLab/AURA/NSF/P. Marenfeld)</p>
<p data-sourcepos="15:1-15:258">L&rsquo;énergie noire est une force non identifiée qui accélère l&rsquo;expansion de l&rsquo;Univers. Bien que nous ne sachions pas de quoi elle est faite, nous sommes capables de dire combien il y en a : environ 71,4 % du contenu matière-énergie de l&rsquo;Univers est de l&rsquo;énergie noire.</p>
<p data-sourcepos="17:1-17:282">Un autre 24 % est de la matière noire ; seuls les 4,6 % restants sont de la matière baryonique normale, la matière à partir de laquelle toutes les étoiles, les planètes, les trous noirs, la poussière, les humains et tout ce que nous pouvons théoriquement voir et toucher sont faits.</p>
<p data-sourcepos="19:1-19:211">L&rsquo;une de nos hypothèses sur la vie est qu&rsquo;elle nécessite une étoile. Ce n&rsquo;est peut-être pas le cas, mais la possibilité que la vie émerge sur un corps loin d&rsquo;une source d&rsquo;énergie flamboyante est si lointaine qu&rsquo;elle est inutile dans le cas de l&rsquo;équation de Drake.</p>
<p data-sourcepos="21:1-21:213">Donc, en supposant qu&rsquo;une étoile est nécessaire à la vie, connaître le taux de formation des étoiles dans un univers comme le nôtre pourrait nous dire quelque chose sur les chances de trouver la vie à l&rsquo;intérieur.</p>
<p data-sourcepos="23:1-23:320">Les étoiles se forment à partir de nuages de poussière et de gaz qui s&rsquo;effondrent en amas denses, qui à leur tour accumulent tellement de masse que la densité et la chaleur dans leurs noyaux déclenchent la fusion nucléaire. La poussée vers l&rsquo;extérieur de l&rsquo;énergie noire joue un rôle dans la vitesse à laquelle cela peut se produire. Elle contrecarre l&rsquo;attraction gravitationnelle qui pourrait autrement voir toute la matière de l&rsquo;Univers se condenser en amas trop denses pour la formation d&rsquo;étoiles.</p>
<p data-sourcepos="25:1-25:328">Les chercheurs ont calculé ce taux de conversion de matière pour différentes densités d&rsquo;énergie noire dans un modèle d&rsquo;Univers afin de déterminer le taux le plus efficace auquel les étoiles peuvent se former. Et ils ont découvert que le taux le plus efficace est lorsque 27 % de la matière de l&rsquo;Univers est convertie en étoiles.</p>
<p data-sourcepos="27:1-27:120">Comment la même région de l&rsquo;espace apparaîtrait avec différentes densités d&rsquo;énergie noire. Dans le sens des aiguilles d&rsquo;une montre à partir du haut gauche : pas d&rsquo;énergie noire, la même quantité d&rsquo;énergie noire que dans notre Univers, 30 fois et 10 fois l&rsquo;énergie noire dans notre Univers. (Oscar Veenema)</p>
<p data-sourcepos="29:1-29:334">Ce qui est intéressant, c&rsquo;est que ce n&rsquo;est pas l&rsquo;Univers dans lequel nous vivons. Notre Univers a un taux de conversion de 23 %. Ce n&rsquo;est pas la première fois que nous trouvons des preuves que l&rsquo;humanité n&rsquo;est pas apparue dans les conditions les plus optimales pour la vie, ce qui pourrait potentiellement augmenter les chances qu&rsquo;une vie intelligente puisse émerger ailleurs dans l&rsquo;Univers.</p>
<p data-sourcepos="31:1-31:234">« Étonnamment », dit Sorini, « nous avons découvert que même une densité d&rsquo;énergie noire significativement plus élevée serait toujours compatible avec la vie,<span class="animating"> suggérant que nous ne vivons peut-être pas dans le plus probable des univers.</span>« </p>
<p data-sourcepos="33:1-33:306">Il y a beaucoup d&rsquo;autres facteurs qui peuvent influencer les chances d&rsquo;émergence de la vie intelligente. Le taux de formation des étoiles n&rsquo;en est qu&rsquo;un. D&rsquo;autres facteurs incluent le nombre de ces étoiles qui ont des planètes ; et le nombre de ces planètes qui ont des conditions habitables. Ensuite, il y a les variables que nous ne connaissons pas, comme la façon dont les éléments constitutifs de la vie sont livrés et se rassemblent en un système évolutif.</p>
<p data-sourcepos="35:1-35:289">Mais chaque recherche apporte des connaissances qui peuvent, un jour, nous permettre de voir une image plus large que celle que nous voyons maintenant. Cela, à son tour, nous aidera à préciser comment et où chercher d&rsquo;autres civilisations qui pourraient être dispersées dans notre galaxie.</p>
<p data-sourcepos="37:1-37:315">« Ce sera passionnant », déclare le physicien théoricien Lucas Lombriser de l&rsquo;Université de Genève en Suisse, « d&rsquo;utiliser le modèle pour explorer l&rsquo;émergence de la vie à travers différents univers et voir si certaines questions fondamentales que nous nous posons sur notre propre Univers doivent être réinterprétées. »</p>
<p>L’article <a href="/une-nouvelle-formule-de-lenergie-noire-pourrait-redefinir-la-recherche-de-vie-extraterrestre/">Une nouvelle formule de l&rsquo;énergie noire pourrait redéfinir la recherche de vie extraterrestre</a> est apparu en premier sur <a href="/">pense</a>.</p>
]]></content:encoded>
					
					<wfw:commentRss>/une-nouvelle-formule-de-lenergie-noire-pourrait-redefinir-la-recherche-de-vie-extraterrestre/feed/</wfw:commentRss>
			<slash:comments>0</slash:comments>
		
		
		<media:content url="https://www.sciencealert.com/images/2024/11/hp-tau.jpg" medium="image"></media:content>
				</item>
		<item>
		<title>Une Super-Terre record battant aussi dense que le plomb, selon les scientifiques</title>
		<link>/une-super-terre-record-battant-aussi-dense-que-le-plomb-selon-les-scientifiques/</link>
					<comments>/une-super-terre-record-battant-aussi-dense-que-le-plomb-selon-les-scientifiques/#respond</comments>
		
		<dc:creator><![CDATA[ApkF]]></dc:creator>
		<pubDate>Mon, 09 Dec 2024 08:51:19 +0000</pubDate>
				<category><![CDATA[Espace]]></category>
		<guid isPermaLink="false">/?p=111</guid>

					<description><![CDATA[<p>Des astronomes ont découvert une nouvelle Super-Terre massive aussi dense que le plomb. Ce monde rocheux pourrait bien être le noyau résiduel d&#8217;une géante gazeuse qui s&#8217;est trop approchée de son soleil. Rencontrez K2-360 b, une exoplanète qui concentre 7,7 fois la masse de la Terre dans une boule de seulement 1,6 fois la taille &#8230;</p>
<p>L’article <a href="/une-super-terre-record-battant-aussi-dense-que-le-plomb-selon-les-scientifiques/">Une Super-Terre record battant aussi dense que le plomb, selon les scientifiques</a> est apparu en premier sur <a href="/">pense</a>.</p>
]]></description>
										<content:encoded><![CDATA[<p data-sourcepos="3:1-3:84">
<p data-sourcepos="5:1-5:202">Des astronomes ont découvert une nouvelle Super-Terre massive aussi dense que le plomb. Ce monde rocheux pourrait bien être le noyau résiduel d&rsquo;une géante gazeuse qui s&rsquo;est trop approchée de son soleil.</p>
<p data-sourcepos="7:1-7:246">Rencontrez K2-360 b, une exoplanète qui concentre 7,7 fois la masse de la Terre dans une boule de seulement 1,6 fois la taille de notre monde d&rsquo;origine. Cela donne une densité d&rsquo;environ 11 grammes par centimètre cube, comparable à celle du plomb.</p>
<p data-sourcepos="9:1-9:252">Cela en fait la planète la plus dense connue dans sa classe &#8211; les Super-Terres à période ultra-courte (USP). Certes, c&rsquo;est une classe très spécifique, mais même ainsi, K2-360 b reste l&rsquo;une des planètes les plus denses de toutes les exoplanètes connues.</p>
<p data-sourcepos="11:1-11:252">La période d&rsquo;une planète est ce que nous appelons communément son année : le temps qu&rsquo;il lui faut pour orbiter autour de son étoile hôte. K2-360 b mérite son surnom « ultra-court » avec une année plus courte qu&rsquo;une journée terrestre, seulement 21 heures.</p>
<p data-sourcepos="13:1-13:183">Le fait d&rsquo;être si près de l&rsquo;étoile a non seulement aidé les astronomes à la trouver, mais il fournit également des indices sur la façon dont elle est devenue si dense en premier lieu.</p>
<p data-sourcepos="15:1-15:299">K2-360 b a été découverte en 2016, lorsque l&rsquo;ombre de la planète a été repérée en train de passer devant son étoile par la mission K2 de la NASA. Des observations de suivi ont maintenant permis aux astronomes de mesurer sa masse et son rayon, qu&rsquo;ils ont ensuite pu utiliser pour calculer sa densité.</p>
<p data-sourcepos="17:1-17:252">La densité de plomb de cette Super-Terre la place dans un club très exclusif. Elle est deux fois plus dense que la Terre, qui est de 5,5 grammes par centimètre cube, et encore plus épaisse que d&rsquo;autres mondes à haute densité comme GJ 367b et TOI-1853b.</p>
<p data-sourcepos="19:1-19:254">L&rsquo;unité absolue TOI-4603b la bat, avec un énorme 14,1 grammes par centimètre cube, mais celle-ci est juste à la limite de ce qui peut encore être appelé une exoplanète &#8211; il serait peut-être mieux de la décrire comme une naine brune ou une « étoile ratée ».</p>
<p data-sourcepos="21:1-21:210">À l&rsquo;autre extrémité de l&rsquo;échelle se trouvent les exoplanètes du système Kepler 51, avec des densités de seulement 0,03 gramme par centimètre cube. Pour référence, c&rsquo;est à peu près la densité de la barbe à papa.</p>
<p data-sourcepos="23:1-23:286">Pour comprendre ce qui rend K2-360 b si solide, l&rsquo;équipe a créé un modèle de l&rsquo;intérieur de la Super-Terre, basé sur des observations de celle-ci et de son étoile hôte. D&rsquo;après cela, il semble que la planète ait probablement un gros noyau de fer qui représente environ 48 % de sa masse.</p>
<p data-sourcepos="25:1-25:413">Alors, comment un tel boulet de canon de planète se forme-t-il ? Les chercheurs suggèrent qu&rsquo;il pourrait en fait s&rsquo;agir du noyau mort d&rsquo;un monde qui était autrefois beaucoup plus grand et résidait plus loin de l&rsquo;étoile. Au fil du temps, il a migré vers l&rsquo;intérieur, où le rayonnement intense a dépouillé les gaz de son atmosphère, ne laissant qu&rsquo;un morceau de roche solide probablement recouvert d&rsquo;océans de lave.</p>
<p data-sourcepos="27:1-27:276">Des indices de ce scénario ont été trouvés dans le balancement de l&rsquo;étoile hôte. Il s&rsquo;avère que K2-360 b n&rsquo;est pas seule dans le système &#8211; plus loin se cache une planète beaucoup plus grande, K2-360 c, d&rsquo;une taille et d&rsquo;une densité probablement similaires à celles de Neptune.</p>
<p data-sourcepos="29:1-29:250">« Nos modèles dynamiques indiquent que K2-360 c pourrait avoir poussé la planète intérieure dans son orbite actuelle serrée grâce à un processus appelé migration à haute excentricité », explique Alessandro Trani, astrophysicien à l&rsquo;Institut Niels Bohr.</p>
<p data-sourcepos="31:1-31:329">« Cela implique des interactions gravitationnelles qui rendent d&rsquo;abord l&rsquo;orbite de la planète intérieure très elliptique, avant que les forces de marée ne la circularisent progressivement près de l&rsquo;étoile. Alternativement, la circularisation des marées aurait pu être induite par l&rsquo;inclinaison de l&rsquo;axe de rotation de la planète. »</p>
<p data-sourcepos="33:1-33:134">L&rsquo;étude ne fait que confirmer que l&rsquo;Univers regorge de planètes étranges dont les écrivains de science-fiction ne pouvaient que rêver.</p>
<p>L’article <a href="/une-super-terre-record-battant-aussi-dense-que-le-plomb-selon-les-scientifiques/">Une Super-Terre record battant aussi dense que le plomb, selon les scientifiques</a> est apparu en premier sur <a href="/">pense</a>.</p>
]]></content:encoded>
					
					<wfw:commentRss>/une-super-terre-record-battant-aussi-dense-que-le-plomb-selon-les-scientifiques/feed/</wfw:commentRss>
			<slash:comments>0</slash:comments>
		
		
		<media:content url="https://www.sciencealert.com/images/2024/11/RedPlanetWithSun.jpg" medium="image"></media:content>
				</item>
		<item>
		<title>Nous savons enfin ce qui a allumé les lumières à l&#8217;aube des temps</title>
		<link>/nous-savons-enfin-ce-qui-a-allume-les-lumieres-a-laube-des-temps/</link>
					<comments>/nous-savons-enfin-ce-qui-a-allume-les-lumieres-a-laube-des-temps/#respond</comments>
		
		<dc:creator><![CDATA[ApkF]]></dc:creator>
		<pubDate>Sun, 08 Dec 2024 17:46:44 +0000</pubDate>
				<category><![CDATA[Espace]]></category>
		<guid isPermaLink="false">/?p=93</guid>

					<description><![CDATA[<p>Nous savons enfin ce qui a apporté la lumière au vide sombre et informe de l&#8217;Univers primitif. Selon les données des télescopes spatiaux Hubble et James Webb, les origines des photons libres dans l&#8217;aube cosmique étaient de petites galaxies naines qui se sont illuminées, dissipant le brouillard d&#8217;hydrogène trouble qui remplissait l&#8217;espace intergalactique. Un nouvel &#8230;</p>
<p>L’article <a href="/nous-savons-enfin-ce-qui-a-allume-les-lumieres-a-laube-des-temps/">Nous savons enfin ce qui a allumé les lumières à l&rsquo;aube des temps</a> est apparu en premier sur <a href="/">pense</a>.</p>
]]></description>
										<content:encoded><![CDATA[<p data-sourcepos="5:1-5:26">Nous savons enfin ce qui a apporté la lumière au vide sombre et informe de l&rsquo;Univers primitif.</p>
<p data-sourcepos="7:1-7:80">Selon les données des télescopes spatiaux Hubble et James Webb, les origines des photons libres dans l&rsquo;aube cosmique étaient de petites galaxies naines qui se sont illuminées, dissipant le brouillard d&rsquo;hydrogène trouble qui remplissait l&rsquo;espace intergalactique. Un nouvel article sur la recherche a été publié en février.</p>
<p data-sourcepos="9:1-9:62">« Cette découverte révèle le rôle crucial joué par les galaxies ultra-faibles dans l&rsquo;évolution de l&rsquo;Univers primitif », a déclaré l&rsquo;astrophysicienne Iryna Chemerynska de l&rsquo;Institut d&rsquo;Astrophysique de Paris.</p>
<p data-sourcepos="11:1-11:243">« Elles produisent des photons ionisants qui transforment l&rsquo;hydrogène neutre en plasma ionisé pendant la réionisation cosmique. Cela souligne l&rsquo;importance de comprendre les galaxies de faible masse dans la formation de l&rsquo;histoire de l&rsquo;Univers. »</p>
<p data-sourcepos="13:1-13:129">Au début de l&rsquo;Univers, quelques minutes après le Big Bang, l&rsquo;espace était rempli d&rsquo;un brouillard chaud et dense de plasma ionisé. La faible lumière qui existait n&rsquo;aurait pas pu pénétrer ce brouillard ; les photons se seraient simplement dispersés sur les électrons libres flottant autour, rendant effectivement l&rsquo;Univers sombre.</p>
<p data-sourcepos="15:1-15:192">Au fur et à mesure que l&rsquo;Univers refroidissait, après environ 300 000 ans, les protons et les électrons ont commencé à se rassembler pour former du gaz d&rsquo;hydrogène neutre (et un peu d&rsquo;hélium).</p>
<p data-sourcepos="17:1-17:147">La plupart des longueurs d&rsquo;onde de la lumière pouvaient pénétrer ce milieu neutre, mais il y avait très peu de sources de lumière pour la produire. Mais à partir de cet hydrogène et de cet hélium, les premières étoiles sont nées.</p>
<p data-sourcepos="19:1-19:264">Ces premières étoiles ont émis un rayonnement suffisamment puissant pour arracher les électrons de leurs noyaux et réioniser le gaz. À ce stade, cependant, l&rsquo;Univers s&rsquo;était tellement étendu que le gaz était diffus et ne pouvait pas empêcher la lumière de briller.</p>
<p data-sourcepos="21:1-21:182">Environ 1 milliard d&rsquo;années après le Big Bang, à la fin de la période connue sous le nom d&rsquo;aube cosmique, l&rsquo;Univers était entièrement réionisé. Ta-da ! Les lumières étaient allumées.</p>
<p data-sourcepos="23:1-23:181">Mais comme il y a tellement de brouillard dans l&rsquo;aube cosmique, et parce qu&rsquo;elle est si sombre et lointaine dans le temps et l&rsquo;espace, nous avons eu du mal à voir ce qui s&rsquo;y trouve.</p>
<p data-sourcepos="25:1-25:318">Les scientifiques pensaient que les sources responsables de la majeure partie du dégagement devaient être puissantes &#8211; d&rsquo;énormes trous noirs dont l&rsquo;accrétion produit une lumière éclatante, par exemple, et de grandes galaxies en proie à la formation d&rsquo;étoiles (les étoiles naissantes produisent beaucoup de lumière UV).</p>
<p data-sourcepos="27:1-27:36">Le JWST a été conçu, en partie, pour observer l&rsquo;aube cosmique et essayer de voir ce qui s&rsquo;y cache. Il a été très réussi, révélant toutes sortes de surprises sur cette période cruciale de la formation de notre Univers. Étonnamment, les observations du télescope suggèrent maintenant que les galaxies naines sont les acteurs clés de la réionisation.</p>
<p data-sourcepos="27:1-27:36"><img decoding="async" src="data:image/gif;base64,R0lGODlhAQABAIAAAAAAAP///ywAAAAAAQABAAACAUwAOw==" fifu-lazy="1" fifu-data-sizes="auto" fifu-data-srcset="https://i0.wp.com/www.sciencealert.com/images/2024/02/sources-600x450.jpg?ssl=1&w=75&resize=75&ssl=1 75w, https://i0.wp.com/www.sciencealert.com/images/2024/02/sources-600x450.jpg?ssl=1&w=100&resize=100&ssl=1 100w, https://i0.wp.com/www.sciencealert.com/images/2024/02/sources-600x450.jpg?ssl=1&w=150&resize=150&ssl=1 150w, https://i0.wp.com/www.sciencealert.com/images/2024/02/sources-600x450.jpg?ssl=1&w=240&resize=240&ssl=1 240w, https://i0.wp.com/www.sciencealert.com/images/2024/02/sources-600x450.jpg?ssl=1&w=320&resize=320&ssl=1 320w, https://i0.wp.com/www.sciencealert.com/images/2024/02/sources-600x450.jpg?ssl=1&w=500&resize=500&ssl=1 500w, https://i0.wp.com/www.sciencealert.com/images/2024/02/sources-600x450.jpg?ssl=1&w=640&resize=640&ssl=1 640w, https://i0.wp.com/www.sciencealert.com/images/2024/02/sources-600x450.jpg?ssl=1&w=800&resize=800&ssl=1 800w, https://i0.wp.com/www.sciencealert.com/images/2024/02/sources-600x450.jpg?ssl=1&w=1024&resize=1024&ssl=1 1024w, https://i0.wp.com/www.sciencealert.com/images/2024/02/sources-600x450.jpg?ssl=1&w=1280&resize=1280&ssl=1 1280w, https://i0.wp.com/www.sciencealert.com/images/2024/02/sources-600x450.jpg?ssl=1&w=1600&resize=1600&ssl=1 1600w" class="aligncenter" fifu-data-src="https://i0.wp.com/www.sciencealert.com/images/2024/02/sources-600x450.jpg?ssl=1" /></p>
<p data-sourcepos="29:1-29:164">Une image de champ profond du JWST avec certaines des sources identifiées par les chercheurs comme moteurs de la réionisation. (Hakim Atek/Sorbonne University/JWST)</p>
<p data-sourcepos="31:1-31:90">Une équipe internationale dirigée par l&rsquo;astrophysicien Hakim Atek de l&rsquo;Institut d&rsquo;Astrophysique de Paris s&rsquo;est tournée vers les données du JWST sur un amas de galaxies appelé Abell 2744, étayées par des données de Hubble.</p>
<p data-sourcepos="33:1-33:280">Abell 2744 est si dense que l&rsquo;espace-temps se déforme autour de lui, formant une lentille cosmique ; toute lumière distante voyageant vers nous à travers cet espace-temps est amplifiée. Cela a permis aux chercheurs de voir de minuscules galaxies naines proches de l&rsquo;aube cosmique.</p>
<p data-sourcepos="35:1-35:126">Ensuite, ils ont utilisé le JWST pour obtenir des spectres détaillés de ces minuscules galaxies. Leur analyse a révélé que non seulement ces galaxies naines sont le type de galaxies le plus abondant dans l&rsquo;Univers primitif, mais elles sont également beaucoup plus brillantes que prévu.</p>
<p data-sourcepos="37:1-37:252">En fait, la recherche de l&rsquo;équipe montre que les galaxies naines sont 100 fois plus nombreuses que les grandes galaxies et que leur production collective est quatre fois supérieure au rayonnement ionisant généralement supposé pour les grandes galaxies.</p>
<p data-sourcepos="39:1-39:120">« Ces centrales cosmiques émettent collectivement plus que suffisamment d&rsquo;énergie pour faire le travail », a déclaré Atek.</p>
<p data-sourcepos="41:1-41:116">« Malgré leur petite taille, ces galaxies de faible masse sont de prolifiques producteurs de rayonnement énergétique,</p>
<p>L’article <a href="/nous-savons-enfin-ce-qui-a-allume-les-lumieres-a-laube-des-temps/">Nous savons enfin ce qui a allumé les lumières à l&rsquo;aube des temps</a> est apparu en premier sur <a href="/">pense</a>.</p>
]]></content:encoded>
					
					<wfw:commentRss>/nous-savons-enfin-ce-qui-a-allume-les-lumieres-a-laube-des-temps/feed/</wfw:commentRss>
			<slash:comments>0</slash:comments>
		
		
		<media:content url="https://www.sciencealert.com/images/2024/02/dwarf-galaxies.jpg" medium="image"></media:content>
				</item>
		<item>
		<title>Un rover martien découvre des preuves d&#8217;un ancien océan sur la planète rouge</title>
		<link>/un-rover-martien-decouvre-des-preuves-dun-ancien-ocean-sur-la-planete-rouge/</link>
					<comments>/un-rover-martien-decouvre-des-preuves-dun-ancien-ocean-sur-la-planete-rouge/#respond</comments>
		
		<dc:creator><![CDATA[ApkF]]></dc:creator>
		<pubDate>Sun, 08 Dec 2024 17:40:50 +0000</pubDate>
				<category><![CDATA[Espace]]></category>
		<guid isPermaLink="false">/?p=81</guid>

					<description><![CDATA[<p>Un rover chinois a trouvé de nouvelles preuves à l&#8217;appui de la théorie selon laquelle Mars abritait autrefois un vaste océan, y compris la trace d&#8217;un ancien littoral où l&#8217;eau aurait pu autrefois lécher, selon une étude publiée jeudi. La théorie selon laquelle un océan couvrait jusqu&#8217;à un tiers de la planète rouge il y &#8230;</p>
<p>L’article <a href="/un-rover-martien-decouvre-des-preuves-dun-ancien-ocean-sur-la-planete-rouge/">Un rover martien découvre des preuves d&rsquo;un ancien océan sur la planète rouge</a> est apparu en premier sur <a href="/">pense</a>.</p>
]]></description>
										<content:encoded><![CDATA[<p data-sourcepos="5:1-5:233">Un rover chinois a trouvé de nouvelles preuves à l&rsquo;appui de la théorie selon laquelle Mars abritait autrefois un vaste océan, y compris la trace d&rsquo;un ancien littoral où l&rsquo;eau aurait pu autrefois lécher, selon une étude publiée jeudi.</p>
<p data-sourcepos="7:1-7:267">La théorie selon laquelle un océan couvrait jusqu&rsquo;à un tiers de la planète rouge il y a des milliards d&rsquo;années fait l&rsquo;objet de débats entre scientifiques depuis des décennies, et un chercheur extérieur a exprimé un certain scepticisme quant aux dernières découvertes.</p>
<p data-sourcepos="9:1-9:181">En 2021, le rover chinois Zhurong a atterri sur une plaine de la région d&rsquo;Utopie, dans l&rsquo;hémisphère nord martien, où des indications antérieures d&rsquo;eau ancienne avaient été repérées.</p>
<p data-sourcepos="11:1-11:164">Il a depuis lors sondé la surface rouge, et de nouvelles découvertes de la mission ont été révélées dans la nouvelle étude publiée dans la revue Scientific Reports.</p>
<p data-sourcepos="13:1-13:223">Le site d&rsquo;atterrissage de Zhurong (croix rouge). Les régions de différentes couleurs indiquent différentes unités géologiques. La boîte rouge montre la zone d&rsquo;étude. (Tanaka et al., 2014/Wu et al., Scientific Reports, 2024)</p>
<p data-sourcepos="15:1-15:310">L&rsquo;auteur principal de l&rsquo;étude, Bo Wu, de l&rsquo;Université polytechnique de Hong Kong, a déclaré à l&rsquo;AFP qu&rsquo;une variété de caractéristiques suggérant un océan passé avaient été repérées autour de la zone d&rsquo;atterrissage de Zhurong, notamment des « cônes cratériformes, des creux polygonaux et des écoulements gravés ».</p>
<p data-sourcepos="15:1-15:310"><img decoding="async" src="data:image/gif;base64,R0lGODlhAQABAIAAAAAAAP///ywAAAAAAQABAAACAUwAOw==" fifu-lazy="1" fifu-data-sizes="auto" fifu-data-srcset="https://i3.wp.com/www.sciencealert.com/images/2024/11/The-Zhurong-landing-site.jpg?ssl=1&w=75&resize=75&ssl=1 75w, https://i3.wp.com/www.sciencealert.com/images/2024/11/The-Zhurong-landing-site.jpg?ssl=1&w=100&resize=100&ssl=1 100w, https://i3.wp.com/www.sciencealert.com/images/2024/11/The-Zhurong-landing-site.jpg?ssl=1&w=150&resize=150&ssl=1 150w, https://i3.wp.com/www.sciencealert.com/images/2024/11/The-Zhurong-landing-site.jpg?ssl=1&w=240&resize=240&ssl=1 240w, https://i3.wp.com/www.sciencealert.com/images/2024/11/The-Zhurong-landing-site.jpg?ssl=1&w=320&resize=320&ssl=1 320w, https://i3.wp.com/www.sciencealert.com/images/2024/11/The-Zhurong-landing-site.jpg?ssl=1&w=500&resize=500&ssl=1 500w, https://i3.wp.com/www.sciencealert.com/images/2024/11/The-Zhurong-landing-site.jpg?ssl=1&w=640&resize=640&ssl=1 640w, https://i3.wp.com/www.sciencealert.com/images/2024/11/The-Zhurong-landing-site.jpg?ssl=1&w=800&resize=800&ssl=1 800w, https://i3.wp.com/www.sciencealert.com/images/2024/11/The-Zhurong-landing-site.jpg?ssl=1&w=1024&resize=1024&ssl=1 1024w, https://i3.wp.com/www.sciencealert.com/images/2024/11/The-Zhurong-landing-site.jpg?ssl=1&w=1280&resize=1280&ssl=1 1280w, https://i3.wp.com/www.sciencealert.com/images/2024/11/The-Zhurong-landing-site.jpg?ssl=1&w=1600&resize=1600&ssl=1 1600w" fifu-data-src="https://i3.wp.com/www.sciencealert.com/images/2024/11/The-Zhurong-landing-site.jpg?ssl=1" alt="A colorful map of Mars terrain" /></p>
<p data-sourcepos="17:1-17:175">Des recherches antérieures ont suggéré que les cônes cratériformes pourraient provenir de volcans de boue, souvent formés dans des zones où il y avait de l&rsquo;eau ou de la glace.</p>
<p data-sourcepos="19:1-19:208">Les informations provenant du rover, ainsi que les données satellitaires et les analyses effectuées sur Terre, ont également suggéré qu&rsquo;un littoral se trouvait autrefois à proximité de la zone, selon l&rsquo;étude.</p>
<p data-sourcepos="21:1-21:116">L&rsquo;équipe de chercheurs a estimé que l&rsquo;océan s&rsquo;était formé par des inondations il y a près de 3,7 milliards d&rsquo;années.</p>
<p data-sourcepos="23:1-23:138">Ensuite, l&rsquo;océan a gelé, dessinant un littoral, avant de disparaître un peu plus de 3,4 milliards d&rsquo;années plus tard, selon leur scénario.</p>
<p data-sourcepos="25:1-25:120">Bo a souligné que l&rsquo;équipe ne « réclame pas que nos découvertes prouvent définitivement qu&rsquo;il y avait un océan sur Mars ».</p>
<p data-sourcepos="25:1-25:120"><img decoding="async" src="data:image/gif;base64,R0lGODlhAQABAIAAAAAAAP///ywAAAAAAQABAAACAUwAOw==" fifu-lazy="1" fifu-data-sizes="auto" fifu-data-srcset="https://i1.wp.com/www.sciencealert.com/images/2024/11/Evolution-of-the-nearshore-zone-in-southern-Utopia-Planitia-600x185.jpg?ssl=1&w=75&resize=75&ssl=1 75w, https://i1.wp.com/www.sciencealert.com/images/2024/11/Evolution-of-the-nearshore-zone-in-southern-Utopia-Planitia-600x185.jpg?ssl=1&w=100&resize=100&ssl=1 100w, https://i1.wp.com/www.sciencealert.com/images/2024/11/Evolution-of-the-nearshore-zone-in-southern-Utopia-Planitia-600x185.jpg?ssl=1&w=150&resize=150&ssl=1 150w, https://i1.wp.com/www.sciencealert.com/images/2024/11/Evolution-of-the-nearshore-zone-in-southern-Utopia-Planitia-600x185.jpg?ssl=1&w=240&resize=240&ssl=1 240w, https://i1.wp.com/www.sciencealert.com/images/2024/11/Evolution-of-the-nearshore-zone-in-southern-Utopia-Planitia-600x185.jpg?ssl=1&w=320&resize=320&ssl=1 320w, https://i1.wp.com/www.sciencealert.com/images/2024/11/Evolution-of-the-nearshore-zone-in-southern-Utopia-Planitia-600x185.jpg?ssl=1&w=500&resize=500&ssl=1 500w, https://i1.wp.com/www.sciencealert.com/images/2024/11/Evolution-of-the-nearshore-zone-in-southern-Utopia-Planitia-600x185.jpg?ssl=1&w=640&resize=640&ssl=1 640w, https://i1.wp.com/www.sciencealert.com/images/2024/11/Evolution-of-the-nearshore-zone-in-southern-Utopia-Planitia-600x185.jpg?ssl=1&w=800&resize=800&ssl=1 800w, https://i1.wp.com/www.sciencealert.com/images/2024/11/Evolution-of-the-nearshore-zone-in-southern-Utopia-Planitia-600x185.jpg?ssl=1&w=1024&resize=1024&ssl=1 1024w, https://i1.wp.com/www.sciencealert.com/images/2024/11/Evolution-of-the-nearshore-zone-in-southern-Utopia-Planitia-600x185.jpg?ssl=1&w=1280&resize=1280&ssl=1 1280w, https://i1.wp.com/www.sciencealert.com/images/2024/11/Evolution-of-the-nearshore-zone-in-southern-Utopia-Planitia-600x185.jpg?ssl=1&w=1600&resize=1600&ssl=1 1600w" fifu-data-src="https://i1.wp.com/www.sciencealert.com/images/2024/11/Evolution-of-the-nearshore-zone-in-southern-Utopia-Planitia-600x185.jpg?ssl=1" /></p>
<p data-sourcepos="27:1-27:139">Ce niveau de certitude nécessitera probablement une mission pour ramener des roches martiennes sur Terre afin de les examiner de plus près.</p>
<p data-sourcepos="29:1-29:130">Illustration conceptuelle de l&rsquo;évolution de la zone littorale dans le sud d&rsquo;Utopia Planitia. (Wu et al., Scientific Reports, 2024)</p>
<p data-sourcepos="31:1-31:40">La côte est toujours en train de changer</p>
<p data-sourcepos="33:1-33:154">Benjamin Cardenas, un scientifique qui a analysé d&rsquo;autres preuves d&rsquo;un océan martien, a déclaré à l&rsquo;AFP qu&rsquo;il était « sceptique » quant à la nouvelle étude.</p>
<p data-sourcepos="35:1-35:201">Il a estimé que les chercheurs n&rsquo;avaient pas suffisamment pris en compte l&rsquo;impact du fort vent martien sur le déplacement des sédiments et l&rsquo;érosion des roches au cours des derniers milliards d&rsquo;années.</p>
<p data-sourcepos="37:1-37:168">« Nous avons tendance à penser que Mars n&rsquo;est pas très actif, comme la Lune, mais il est actif ! », a déclaré Cardenas de la Pennsylvania State University aux États-Unis.</p>
<p data-sourcepos="39:1-39:185">Il a souligné des recherches antérieures de modélisation qui suggéraient que « même les faibles taux d&rsquo;érosion martienne » détruiraient les signes d&rsquo;un littoral sur une si longue période.</p>
<p data-sourcepos="41:1-41:209">Bo a reconnu que le vent aurait pu user certaines roches, mais a déclaré que l&rsquo;impact des météores frappant Mars peut également « exhumer de temps en temps des roches et des sédiments souterrains à la surface ».</p>
<p data-sourcepos="43:1-43:132">Bien que la théorie générale reste controversée, Cardenas a déclaré qu&rsquo;il avait tendance à « penser qu&rsquo;il y avait un océan sur Mars ».</p>
<p data-sourcepos="45:1-45:155">Découvrir la vérité pourrait aider à résoudre un plus grand mystère : savoir si la Terre est seule dans le système solaire à être capable d&rsquo;abriter la vie.</p>
<p data-sourcepos="47:1-47:271">« La plupart des scientifiques pensent que la vie sur Terre a surgi soit sous l&rsquo;océan, où des gaz chauds et des minéraux du sous-sol sont arrivés sur le fond marin, soit très près de l&rsquo;interface entre l&rsquo;eau et l&rsquo;air, dans de petites piscines de marée », a déclaré Cardenas.</p>
<p data-sourcepos="49:1-49:64">« Ainsi, la preuve d&rsquo;un océan rend la planète plus hospitalière. »</p>
<p>L’article <a href="/un-rover-martien-decouvre-des-preuves-dun-ancien-ocean-sur-la-planete-rouge/">Un rover martien découvre des preuves d&rsquo;un ancien océan sur la planète rouge</a> est apparu en premier sur <a href="/">pense</a>.</p>
]]></content:encoded>
					
					<wfw:commentRss>/un-rover-martien-decouvre-des-preuves-dun-ancien-ocean-sur-la-planete-rouge/feed/</wfw:commentRss>
			<slash:comments>0</slash:comments>
		
		
		<media:content url="https://www.sciencealert.com/images/2023/11/zhurong_rover.jpg" medium="image"></media:content>
				</item>
		<item>
		<title>Un mystérieux « tunnel interstellaire » découvert dans notre poche locale d&#8217;espace</title>
		<link>/un-mysterieux-tunnel-interstellaire-decouvert-dans-notre-poche-locale-despace/</link>
					<comments>/un-mysterieux-tunnel-interstellaire-decouvert-dans-notre-poche-locale-despace/#respond</comments>
		
		<dc:creator><![CDATA[ApkF]]></dc:creator>
		<pubDate>Sun, 08 Dec 2024 15:07:34 +0000</pubDate>
				<category><![CDATA[Espace]]></category>
		<guid isPermaLink="false">/?p=64</guid>

					<description><![CDATA[<p>La petite poche du Système solaire dans la Voie lactée est, assez curieusement, exactement cela. Notre étoile réside dans un compartiment inhabituellement chaud et peu dense dans les jupes de la galaxie, connu sous le nom de Bulle Locale Chaude (LHB). Pourquoi on ne l&#8217;appelle pas la Poche Locale Chaude, personne ne le sait ; &#8230;</p>
<p>L’article <a href="/un-mysterieux-tunnel-interstellaire-decouvert-dans-notre-poche-locale-despace/">Un mystérieux « tunnel interstellaire » découvert dans notre poche locale d&rsquo;espace</a> est apparu en premier sur <a href="/">pense</a>.</p>
]]></description>
										<content:encoded><![CDATA[<p data-sourcepos="5:1-5:251">La petite poche du Système solaire dans la Voie lactée est, assez curieusement, exactement cela. Notre étoile réside dans un compartiment inhabituellement chaud et peu dense dans les jupes de la galaxie, connu sous le nom de Bulle Locale Chaude (LHB).</p>
<p data-sourcepos="7:1-7:173">Pourquoi on ne l&rsquo;appelle pas la Poche Locale Chaude, personne ne le sait ; mais, parce que c&rsquo;est une anomalie, les scientifiques veulent savoir pourquoi cette région existe.</p>
<p data-sourcepos="9:1-9:252">Maintenant, une équipe d&rsquo;astronomes a cartographié la bulle, révélant non seulement une étrange asymétrie dans la forme et le gradient de température de la poche, mais aussi la présence d&rsquo;un mystérieux tunnel pointant vers la constellation du Centaure.</p>
<p data-sourcepos="11:1-11:300">Les nouvelles données sur la forme et la chaleur de la bulle étayent une interprétation précédente selon laquelle la LHB a été creusée par des supernovae qui ont explosé et chauffé la structure, tandis que le tunnel suggère qu&rsquo;il pourrait être connecté à une autre bulle à faible densité à proximité.</p>
<p data-sourcepos="13:1-13:474">La LHB se caractérise par sa température. C&rsquo;est une région qui aurait au moins 1 000 années-lumière de diamètre, avec une température d&rsquo;environ un million de kelvins. Parce que les atomes sont si dispersés, cette température élevée n&rsquo;a pas d&rsquo;effet de chauffage significatif sur la matière à l&rsquo;intérieur, ce qui est probablement une bonne chose pour nous. Mais elle émet une lueur dans les rayons X, ce qui est la façon dont les astronomes l&rsquo;ont identifiée il y a des années.</p>
<p data-sourcepos="15:1-15:139">Un modèle 3D de la position du Système solaire dans la Bulle Locale Chaude. Une version interactive est disponible ici. (Michael Yeung/MPE)</p>
<p data-sourcepos="17:1-17:325">Mais caractériser quelque chose à l&rsquo;intérieur duquel on se trouve physiquement est beaucoup plus facile à dire qu&rsquo;à faire. Imaginez un poisson (si un poisson avait une intelligence humaine) essayant de décrire la forme de son aquarium sans bouger du centre. C&rsquo;est délicat, mais avec les bons outils, cela devient plus facile.</p>
<p data-sourcepos="19:1-19:289">Cela nous amène à eROSITA, le puissant télescope spatial à rayons X de l&rsquo;Institut Max Planck de physique extraterrestre. Dirigée par l&rsquo;astrophysicien Michael Yeung de l&rsquo;Institut, une équipe de chercheurs a utilisé eROSITA pour sonder la LHB de manière plus détaillée que jamais auparavant.</p>
<p data-sourcepos="21:1-21:414">Nous savons, grâce à des efforts de recherche précédents, que la LHB était probablement le produit d&rsquo;explosions de supernovae s&rsquo;enchaînant comme une série de pétards, il y a environ 14,4 millions d&rsquo;années. La position du Système solaire au centre de la bulle n&rsquo;est qu&rsquo;une amusante coïncidence cosmique. Mais la forme de la LHB restait mal définie &#8211; une sorte de configuration en os de knuckle dodue et boursouflée.</p>
<p data-sourcepos="21:1-21:414"><img decoding="async" src="data:image/gif;base64,R0lGODlhAQABAIAAAAAAAP///ywAAAAAAQABAAACAUwAOw==" fifu-lazy="1" fifu-data-sizes="auto" fifu-data-srcset="https://i1.wp.com/www.sciencealert.com/images/2024/11/local-hot-bubble-full-593x415.jpg?ssl=1&w=75&resize=75&ssl=1 75w, https://i1.wp.com/www.sciencealert.com/images/2024/11/local-hot-bubble-full-593x415.jpg?ssl=1&w=100&resize=100&ssl=1 100w, https://i1.wp.com/www.sciencealert.com/images/2024/11/local-hot-bubble-full-593x415.jpg?ssl=1&w=150&resize=150&ssl=1 150w, https://i1.wp.com/www.sciencealert.com/images/2024/11/local-hot-bubble-full-593x415.jpg?ssl=1&w=240&resize=240&ssl=1 240w, https://i1.wp.com/www.sciencealert.com/images/2024/11/local-hot-bubble-full-593x415.jpg?ssl=1&w=320&resize=320&ssl=1 320w, https://i1.wp.com/www.sciencealert.com/images/2024/11/local-hot-bubble-full-593x415.jpg?ssl=1&w=500&resize=500&ssl=1 500w, https://i1.wp.com/www.sciencealert.com/images/2024/11/local-hot-bubble-full-593x415.jpg?ssl=1&w=640&resize=640&ssl=1 640w, https://i1.wp.com/www.sciencealert.com/images/2024/11/local-hot-bubble-full-593x415.jpg?ssl=1&w=800&resize=800&ssl=1 800w, https://i1.wp.com/www.sciencealert.com/images/2024/11/local-hot-bubble-full-593x415.jpg?ssl=1&w=1024&resize=1024&ssl=1 1024w, https://i1.wp.com/www.sciencealert.com/images/2024/11/local-hot-bubble-full-593x415.jpg?ssl=1&w=1280&resize=1280&ssl=1 1280w, https://i1.wp.com/www.sciencealert.com/images/2024/11/local-hot-bubble-full-593x415.jpg?ssl=1&w=1600&resize=1600&ssl=1 1600w" class="aligncenter" fifu-data-src="https://i1.wp.com/www.sciencealert.com/images/2024/11/local-hot-bubble-full-593x415.jpg?ssl=1" /></p>
<p data-sourcepos="23:1-23:436">Un grand avantage d&rsquo;eROSITA est sa position. Des brumes de notre atmosphère terrestre atteignent une distance surprenante dans l&rsquo;espace, avec un large halo d&rsquo;hydrogène appelé géocoronne s&rsquo;étendant jusqu&rsquo;à 100 rayons terrestres, soit plus de 600 000 kilomètres, de la surface. Lorsque les particules soufflées par le Soleil interagissent avec la géocoronne, elles créent une lueur diffuse de rayons X très similaire à la lueur de la LHB.</p>
<p data-sourcepos="25:1-25:336">eROSITA est à bord d&rsquo;un observatoire spatial situé à environ 1,5 million de kilomètres de la Terre. Situé dans une position gravitationnellement stable créée par l&rsquo;attraction de la Terre et du Soleil, l&rsquo;observatoire à rayons X est le premier du genre à observer le ciel aux rayons X complètement en dehors de notre géocoronne brillante.</p>
<p data-sourcepos="27:1-27:429">Les chercheurs ont divisé les observations eROSITA du ciel aux rayons X en environ 2 000 sections, et ont étudié minutieusement la lumière X dans chacune d&rsquo;elles pour générer une carte de la LHB. Leurs résultats ont révélé que la bulle se dilate perpendiculairement au plan galactique, plus que dans une direction parallèle. Ce n&rsquo;est pas surprenant, car les directions verticales offrent moins de résistance que les horizontales.</p>
<p data-sourcepos="29:1-29:91">Le gradient de température de la Bulle Locale Chaude, codé par couleur. (Michael Yeung/MPE)</p>
<p data-sourcepos="31:1-31:264">Le gradient de température asymétrique mesuré par les chercheurs était cohérent avec la théorie des supernovae pour la création de la bulle, avec la possibilité que des étoiles aient explosé dans notre voisinage jusqu&rsquo;à il y a quelques millions d&rsquo;années seulement.</p>
<p data-sourcepos="31:1-31:264"><img decoding="async" src="data:image/gif;base64,R0lGODlhAQABAIAAAAAAAP///ywAAAAAAQABAAACAUwAOw==" fifu-lazy="1" fifu-data-sizes="auto" fifu-data-srcset="https://i3.wp.com/www.sciencealert.com/images/2024/11/lhb-temp.jpg?ssl=1&w=75&resize=75&ssl=1 75w, https://i3.wp.com/www.sciencealert.com/images/2024/11/lhb-temp.jpg?ssl=1&w=100&resize=100&ssl=1 100w, https://i3.wp.com/www.sciencealert.com/images/2024/11/lhb-temp.jpg?ssl=1&w=150&resize=150&ssl=1 150w, https://i3.wp.com/www.sciencealert.com/images/2024/11/lhb-temp.jpg?ssl=1&w=240&resize=240&ssl=1 240w, https://i3.wp.com/www.sciencealert.com/images/2024/11/lhb-temp.jpg?ssl=1&w=320&resize=320&ssl=1 320w, https://i3.wp.com/www.sciencealert.com/images/2024/11/lhb-temp.jpg?ssl=1&w=500&resize=500&ssl=1 500w, https://i3.wp.com/www.sciencealert.com/images/2024/11/lhb-temp.jpg?ssl=1&w=640&resize=640&ssl=1 640w, https://i3.wp.com/www.sciencealert.com/images/2024/11/lhb-temp.jpg?ssl=1&w=800&resize=800&ssl=1 800w, https://i3.wp.com/www.sciencealert.com/images/2024/11/lhb-temp.jpg?ssl=1&w=1024&resize=1024&ssl=1 1024w, https://i3.wp.com/www.sciencealert.com/images/2024/11/lhb-temp.jpg?ssl=1&w=1280&resize=1280&ssl=1 1280w, https://i3.wp.com/www.sciencealert.com/images/2024/11/lhb-temp.jpg?ssl=1&w=1600&resize=1600&ssl=1 1600w" class="aligncenter" fifu-data-src="https://i3.wp.com/www.sciencealert.com/images/2024/11/lhb-temp.jpg?ssl=1" alt="The Solar System Resides in a Hot 'Bubble' in Space – And Scientists Have Just Found a Tunnel Leading Out" /></p>
<p data-sourcepos="33:1-33:239">Leur carte a également affiné la forme connue de la LHB, permettant de construire un modèle en trois dimensions. Le résultat ressemble aux flux d&rsquo;une nébuleuse bipolaire, un peu plus piquante et bosselée. Et il y avait une surprise cachée.</p>
<p data-sourcepos="35:1-35:292">« Ce que nous ne savions pas, c&rsquo;est l&rsquo;existence d&rsquo;un tunnel interstellaire vers le Centaure, qui creuse un espace dans le milieu interstellaire plus froid », explique l&rsquo;astrophysicien Michael Freyberg de l&rsquo;Institut Max Planck d&rsquo;astrophysique extraterrestre. « Cette région se détache en relief. »</p>
<p data-sourcepos="37:1-37:217">Nous ne savons pas encore à quoi le tunnel se connecte. Il y a un certain nombre d&rsquo;objets dans la direction où il s&rsquo;étire, y compris la nébuleuse de la Gomme, une autre bulle voisine, et plusieurs nuages moléculaires.</p>
<p data-sourcepos="39:1-39:384">Cela pourrait aussi être un indice que la galaxie est constituée d&rsquo;un réseau entier de bulles chaudes et de tunnels interstellaires, une idée proposée en 1974, et pour laquelle peu de preuves ont encore émergé. Nous pourrions être sur le point de trouver ce réseau maintenant &#8211; et cela, à son tour, pourrait nous aider à en apprendre davantage sur l&rsquo;histoire récente de notre galaxie.</p>
<p>L’article <a href="/un-mysterieux-tunnel-interstellaire-decouvert-dans-notre-poche-locale-despace/">Un mystérieux « tunnel interstellaire » découvert dans notre poche locale d&rsquo;espace</a> est apparu en premier sur <a href="/">pense</a>.</p>
]]></content:encoded>
					
					<wfw:commentRss>/un-mysterieux-tunnel-interstellaire-decouvert-dans-notre-poche-locale-despace/feed/</wfw:commentRss>
			<slash:comments>0</slash:comments>
		
		
		<media:content url="https://www.sciencealert.com/images/2024/11/local-hot-bubble.jpg" medium="image"></media:content>
				</item>
		<item>
		<title>Le Big Bang ne fait plus de doute. Un expert nous explique pourquoi.</title>
		<link>/le-big-bang-ne-fait-plus-de-doute-un-expert-nous-explique-pourquoi/</link>
					<comments>/le-big-bang-ne-fait-plus-de-doute-un-expert-nous-explique-pourquoi/#respond</comments>
		
		<dc:creator><![CDATA[ApkF]]></dc:creator>
		<pubDate>Sun, 08 Dec 2024 14:57:44 +0000</pubDate>
				<category><![CDATA[Espace]]></category>
		<guid isPermaLink="false">/?p=43</guid>

					<description><![CDATA[<p>Comment tout a commencé ? C&#8217;est une question que l&#8217;humanité se pose depuis des milliers d&#8217;années. Au cours du siècle dernier, la science a trouvé une réponse : le Big Bang. Cette théorie décrit comment l&#8217;Univers est né d&#8217;une explosion cataclysmique il y a près de 14 milliards d&#8217;années. En une fraction de seconde, l&#8217;univers &#8230;</p>
<p>L’article <a href="/le-big-bang-ne-fait-plus-de-doute-un-expert-nous-explique-pourquoi/">Le Big Bang ne fait plus de doute. Un expert nous explique pourquoi.</a> est apparu en premier sur <a href="/">pense</a>.</p>
]]></description>
										<content:encoded><![CDATA[<p data-sourcepos="5:1-5:172">Comment tout a commencé ? C&rsquo;est une question que l&rsquo;humanité se pose depuis des milliers d&rsquo;années. Au cours du siècle dernier, la science a trouvé une réponse : le Big Bang.</p>
<p data-sourcepos="7:1-7:363">Cette théorie décrit comment l&rsquo;Univers est né d&rsquo;une explosion cataclysmique il y a près de 14 milliards d&rsquo;années. En une fraction de seconde, l&rsquo;univers observable a grandi à la vitesse d&rsquo;une bactérie s&rsquo;étendant à la taille de la Voie Lactée. L&rsquo;univers primitif était extraordinairement chaud et extrêmement dense. Mais comment savons-nous que cela s&rsquo;est produit ?</p>
<p data-sourcepos="9:1-9:211">Examinons d&rsquo;abord les preuves. En 1929, l&rsquo;astronome américain Edwin Hubble découvrit que les galaxies lointaines s&rsquo;éloignent les unes des autres, ce qui a conduit à la réalisation que l&rsquo;univers est en expansion.</p>
<p data-sourcepos="11:1-11:244">Si nous remontions le temps jusqu&rsquo;à la naissance du cosmos, l&rsquo;expansion s&rsquo;inverserait et les galaxies se superposeraient il y a 14 milliards d&rsquo;années. Cet âge correspond bien à l&rsquo;âge des objets astronomiques les plus anciens que nous observons.</p>
<p data-sourcepos="13:1-13:252">L&rsquo;idée a d&rsquo;abord été accueillie avec scepticisme, et c&rsquo;est en fait un sceptique, l&rsquo;astronome anglais Fred Hoyle, qui a inventé le nom. Hoyle a ironiquement rejeté l&rsquo;hypothèse en l&rsquo;appelant « Big Bang » lors d&rsquo;une interview à la radio BBC le 28 mars 1949.</p>
<p data-sourcepos="15:1-15:319">Puis, en 1964, Arno Penzias et Robert Wilson ont détecté un type particulier de rayonnement qui remplit tout l&rsquo;espace. Ce rayonnement est devenu connu sous le nom de rayonnement cosmique micro-onde (CMB). C&rsquo;est une sorte de lueur résiduelle de l&rsquo;explosion du Big Bang, libérée lorsque le cosmos n&rsquo;avait que 380 000 ans.</p>
<p data-sourcepos="17:1-17:164">Le CMB offre une fenêtre sur les conditions chaudes et denses au début de l&rsquo;univers. Penzias et Wilson ont reçu le prix Nobel de physique 1978 pour leur découverte.</p>
<p data-sourcepos="19:1-19:436">Plus récemment, des expériences réalisées dans des accélateurs de particules comme le Grand collisionneur de hadrons (LHC) ont éclairé les conditions encore plus proches du moment du Big Bang. Notre compréhension de la physique à ces hautes énergies suggère que, dans les tout premiers instants après le Big Bang, les quatre forces fondamentales de la physique qui existent aujourd&rsquo;hui étaient initialement combinées en une seule force.</p>
<p data-sourcepos="21:1-21:308">Les quatre forces actuelles sont la gravité, l&rsquo;électromagnétisme, la force nucléaire forte et la force nucléaire faible. À mesure que l&rsquo;univers s&rsquo;est dilaté et refroidi, une série de changements dramatiques, appelés transitions de phase (comme l&rsquo;ébullition ou la congélation de l&rsquo;eau), ont séparé ces forces.</p>
<p data-sourcepos="23:1-23:375">Des expériences dans les accélateurs de particules suggèrent que quelques milliardièmes de seconde après le Big Bang, la dernière de ces transitions de phase a eu lieu. C&rsquo;était la rupture de l&rsquo;unification électrofaible, lorsque l&rsquo;électromagnétisme et la force nucléaire faible ont cessé d&rsquo;être combinés. C&rsquo;est à ce moment-là que toute la matière de l&rsquo;Univers a pris sa masse.</p>
<p data-sourcepos="25:1-25:392">En continuant à avancer dans le temps, l&rsquo;univers est rempli d&rsquo;une étrange substance appelée plasma quark-gluon. Comme son nom l&rsquo;indique, cette « soupe primordiale » était composée de quarks et de gluons. Ce sont des particules subatomiques responsables de la force nucléaire forte. Le plasma quark-gluon a été généré artificiellement en 2010 au Brookhaven National Laboratory et en 2015 au LHC.</p>
<p data-sourcepos="27:1-27:301">Les quarks et les gluons ont une forte attraction l&rsquo;un pour l&rsquo;autre et sont aujourd&rsquo;hui liés ensemble sous forme de protons et de neutrons, qui sont à leur tour les éléments constitutifs des atomes. Cependant, dans les conditions chaudes et denses de l&rsquo;univers primitif, ils existaient indépendamment.</p>
<p data-sourcepos="29:1-29:310">Le plasma quark-gluon n&rsquo;a pas duré longtemps. Quelques millionièmes de seconde seulement après le Big Bang, alors que l&rsquo;univers se dilatait et se refroidissait, les quarks et les gluons se regroupèrent en protons et neutrons, situation qui persiste aujourd&rsquo;hui. Cet événement est appelé confinement des quarks.</p>
<p data-sourcepos="31:1-31:236">Alors que l&rsquo;univers continuait à se dilater et à se refroidir, il y avait moins de photons de haute énergie (particules de lumière) dans l&rsquo;univers qu&rsquo;auparavant. C&rsquo;est un déclencheur du processus appelé nucléosynthèse du Big Bang (BBN).</p>
<p data-sourcepos="33:1-33:247">C&rsquo;est à ce moment-là que les premiers noyaux atomiques &#8211; les amas denses de matière constitués de protons et de neutrons et trouvés au centre des atomes &#8211; se sont formés par des réactions de fusion nucléaire, comme celles qui alimentent le Soleil.</p>
<p data-sourcepos="35:1-35:314">Lorsque les photons de haute énergie étaient plus nombreux dans l&rsquo;univers, tous les noyaux atomiques qui se formaient auraient été rapidement détruits par eux (un processus appelé photodésintégration). Le BBN a cessé quelques minutes seulement après le Big Bang, mais ses conséquences sont observables aujourd&rsquo;hui.</p>
<p data-sourcepos="37:1-37:409">Les observations des astronomes nous ont fourni des preuves des abondances primordiales des éléments produits dans ces réactions de fusion. Les résultats concordent étroitement avec la théorie du BBN. Si nous continuions, sur près de 14 milliards d&rsquo;années, nous atteindrions la situation qui existe aujourd&rsquo;hui. Mais à quel point pouvons-nous comprendre ce qui se passait près du moment du Big Bang lui-même ?</p>
<p data-sourcepos="39:1-39:346">Les scientifiques n&rsquo;ont aucune preuve directe de ce qui s&rsquo;est passé avant la rupture de l&rsquo;unification électrofaible (lorsque l&rsquo;électromagnétisme et la force nucléaire faible ont cessé d&rsquo;être combinés). À de telles hautes énergies et à des époques aussi reculées, nous ne pouvons qu&rsquo;observer le mystère du Big Bang. Alors, que suggère la théorie ?</p>
<p data-sourcepos="41:1-41:307">Lorsque nous remontons le temps dans l&rsquo;histoire du cosmos, les distances et les volumes diminuent, tandis que la densité d&rsquo;énergie moyenne augmente. Au Big Bang, les distances et les volumes tombent à zéro, toutes les parties de l&rsquo;univers se superposent et la densité d&rsquo;énergie de l&rsquo;univers devient infinie.</p>
<p data-sourcepos="43:1-43:157">Nos équations mathématiques, qui décrivent l&rsquo;évolution de l&rsquo;espace et l&rsquo;expansion du cosmos, sont infestées de zéros et d&rsquo;infinis et cessent d&rsquo;avoir un sens.</p>
<p data-sourcepos="45:1-45:300">Nous appelons cela une singularité. La théorie de la relativité générale d&rsquo;Albert Einstein décrit comment l&rsquo;espace-temps est façonné. L&rsquo;espace-temps est une façon de décrire la géométrie tridimensionnelle de l&rsquo;univers, mélangée au temps. Une courbure dans l&rsquo;espace-temps donne naissance à la gravité.</p>
<p data-sourcepos="47:1-47:300">Mais les mathématiques suggèrent qu&rsquo;il existe des endroits dans l&rsquo;univers où la courbure de l&rsquo;espace-temps devient illimitée. Ces endroits sont connus sous le nom de singularités. Un tel exemple peut être trouvé au centre d&rsquo;un trou noir. En ces lieux, la théorie de la relativité générale s&rsquo;effondre.</p>
<p data-sourcepos="49:1-49:283">De 1965 à 1966, les physiciens théoriciens britanniques Stephen Hawking et Roger Penrose ont présenté un certain nombre de théorèmes mathématiques démontrant que l&rsquo;espace-temps d&rsquo;un univers en expansion doit se terminer par une singularité dans le passé : la singularité du Big Bang.</p>
<p data-sourcepos="51:1-51:359">Penrose a reçu le prix Nobel en 2020. Hawking est décédé en 2018 et les prix Nobel ne sont pas décernés à titre posthume. L&rsquo;espace et le temps apparaissent à la singularité du Big Bang, donc les questions de ce qui se passe « avant » le Big Bang ne sont pas bien définies. En ce qui concerne la science, il n&rsquo;y a pas d&rsquo;avant ; le Big Bang est le début du temps.</p>
<p data-sourcepos="53:1-53:321">Cependant, la nature n&rsquo;est pas décrite avec précision par la seule relativité générale, même si cette dernière existe depuis plus de 100 ans et n&rsquo;a pas été réfutée. La relativité générale ne peut pas décrire les atomes, la fusion nucléaire ou la radioactivité. Ces phénomènes sont plutôt abordés par la théorie quantique.</p>
<p data-sourcepos="55:1-55:343">Les théories de la physique « classique », comme la relativité, sont déterministes. Cela signifie que certaines conditions initiales ont un résultat défini et sont donc absolument prédictibles. La théorie quantique, en revanche, est probabiliste. Cela signifie que certaines conditions initiales dans l&rsquo;univers peuvent avoir plusieurs résultats.</p>
<p data-sourcepos="57:1-57:334">La théorie quantique est quelque peu prédictive, mais de manière probabiliste. Les résultats se voient attribuer une probabilité d&rsquo;existence. Si la distribution mathématique des probabilités est fortement concentrée sur un certain résultat, alors la situation est bien décrite par une théorie « classique » comme la relativité générale.</p>
<p data-sourcepos="59:1-59:184">Mais tous les systèmes ne sont pas comme ça. Dans certains systèmes, par exemple les atomes, la distribution des probabilités est étalée et une description classique ne s&rsquo;applique pas.</p>
<p>L’article <a href="/le-big-bang-ne-fait-plus-de-doute-un-expert-nous-explique-pourquoi/">Le Big Bang ne fait plus de doute. Un expert nous explique pourquoi.</a> est apparu en premier sur <a href="/">pense</a>.</p>
]]></content:encoded>
					
					<wfw:commentRss>/le-big-bang-ne-fait-plus-de-doute-un-expert-nous-explique-pourquoi/feed/</wfw:commentRss>
			<slash:comments>0</slash:comments>
		
		
		<media:content url="https://www.sciencealert.com/images/2024/11/GettyImages-1180195425.jpg" medium="image"></media:content>
				</item>
	</channel>
</rss>
