<?xml version="1.0" encoding="UTF-8"?><rss version="2.0"
	xmlns:media="http://search.yahoo.com/mrss/"
	xmlns:content="http://purl.org/rss/1.0/modules/content/"
	xmlns:wfw="http://wellformedweb.org/CommentAPI/"
	xmlns:dc="http://purl.org/dc/elements/1.1/"
	xmlns:atom="http://www.w3.org/2005/Atom"
	xmlns:sy="http://purl.org/rss/1.0/modules/syndication/"
	xmlns:slash="http://purl.org/rss/1.0/modules/slash/"
	>

<channel>
	<title>Archives des Environnement - pense</title>
	<atom:link href="/category/environnement/feed/" rel="self" type="application/rss+xml" />
	<link>/category/environnement/</link>
	<description></description>
	<lastBuildDate>Mon, 09 Dec 2024 09:08:43 +0000</lastBuildDate>
	<language>fr-FR</language>
	<sy:updatePeriod>
	hourly	</sy:updatePeriod>
	<sy:updateFrequency>
	1	</sy:updateFrequency>
	<generator>https://wordpress.org/?v=6.7.1</generator>

<image>
	<url>/wp-content/uploads/2024/12/favicon.png</url>
	<title>Archives des Environnement - pense</title>
	<link>/category/environnement/</link>
	<width>32</width>
	<height>32</height>
</image> 
	<item>
		<title>Les mystérieuses boules de « goudron » sur les plages de Sydney révèlent des origines choquantes</title>
		<link>/les-mysterieuses-boules-de-goudron-sur-les-plages-de-sydney-revelent-des-origines-choquantes/</link>
					<comments>/les-mysterieuses-boules-de-goudron-sur-les-plages-de-sydney-revelent-des-origines-choquantes/#respond</comments>
		
		<dc:creator><![CDATA[ApkF]]></dc:creator>
		<pubDate>Mon, 09 Dec 2024 09:08:43 +0000</pubDate>
				<category><![CDATA[Environnement]]></category>
		<guid isPermaLink="false">/?p=135</guid>

					<description><![CDATA[<p>Les mystérieuses boules noires qui ont échoué sur les plages de Sydney à la mi-octobre étaient probablement des morceaux de « fatberg » contenant des traces de fèces humaines, de méthamphétamine et de PFAS, selon une nouvelle analyse détaillée de leur composition. Les premiers rapports suggéraient que les boules menaçantes étaient probablement des boules de goudron provenant &#8230;</p>
<p>L’article <a href="/les-mysterieuses-boules-de-goudron-sur-les-plages-de-sydney-revelent-des-origines-choquantes/">Les mystérieuses boules de « goudron » sur les plages de Sydney révèlent des origines choquantes</a> est apparu en premier sur <a href="/">pense</a>.</p>
]]></description>
										<content:encoded><![CDATA[<p data-sourcepos="3:1-3:262">Les mystérieuses boules noires qui ont échoué sur les plages de Sydney à la mi-octobre étaient probablement des morceaux de « fatberg » contenant des traces de fèces humaines, de méthamphétamine et de PFAS, selon une nouvelle analyse détaillée de leur composition.</p>
<p data-sourcepos="5:1-5:236">Les premiers rapports suggéraient que les boules menaçantes étaient probablement des boules de goudron provenant d&rsquo;un déversement de pétrole. Cependant, une analyse avec une série de tests scientifiques a révélé une image plus complexe.</p>
<p data-sourcepos="7:1-8:201">Les mystérieuses boules noires Le 16 octobre, les premiers rapports ont émergé de Coogee Beach dans l&rsquo;est de Sydney. Les sauveteurs ont signalé de nombreuses sphères noires sur le sable qui semblaient à première vue être du goudron.</p>
<p data-sourcepos="10:1-10:344">Des observations similaires ont rapidement été signalées sur les plages voisines de Bondi, Bronte, Tamarama et Maroubra, entraînant des fermetures immédiates et des efforts de nettoyage. Les autorités ont initialement craint qu&rsquo;il puisse s&rsquo;agir de « boules de goudron » toxiques, ce qui a entraîné des avis de santé et des avertissements publics.</p>
<p data-sourcepos="12:1-12:128">Des tests préliminaires du conseil de Randwick étaient compatibles avec des boules de goudron composées de pétrole et de débris.</p>
<p data-sourcepos="14:1-14:49">Du pétrole &#8211; ou quelque chose de plus dégoûtant ?</p>
<p data-sourcepos="16:1-16:109">Nous avons entrepris de découvrir exactement de quoi étaient faites les boules noires et d&rsquo;où elles venaient.</p>
<p data-sourcepos="18:1-18:293">Nous avons effectué une large gamme de tests et d&rsquo;analyses avec des collègues de l&rsquo;UNSW en collaboration avec le Mark Wainwright Analytical Centre et le bras de la forensique environnementale du ministère fédéral du Changement climatique, de l&rsquo;Environnement, de l&rsquo;Énergie et de l&rsquo;Eau (DCCEEW).</p>
<p data-sourcepos="20:1-20:136">Nous avons également collaboré avec l&rsquo;Agence de protection de l&rsquo;environnement de Nouvelle-Galles du Sud (EPA) et le conseil de Randwick.</p>
<p data-sourcepos="22:1-22:297">Des tests initiaux, basés principalement sur les résultats d&rsquo;une technique appelée spectroscopie de résonance magnétique nucléaire à l&rsquo;état solide, suggéraient que le matériau ressemblait à du pétrole brut. Cependant, des tests plus poussés ont indiqué une composition différente, plus dégoûtante.</p>
<p data-sourcepos="24:1-24:141">Une coupe transversale d&rsquo;une des boules, montrant son revêtement sablonneux et sa surface, quelques fibres et le noyau. (Jake Ireland, CC BY)</p>
<p data-sourcepos="26:1-26:287">L&rsquo;analyse des éléments impliqués a révélé que le goo noir était principalement du carbone. La datation au radiocarbone a ensuite montré qu&rsquo;environ 30% seulement du carbone avait une origine fossile, suggérant que les combustibles fossiles n&rsquo;étaient pas le principal composant des boules.</p>
<p data-sourcepos="28:1-28:394">Nous avons également identifié des niveaux importants de calcium et des quantités beaucoup plus faibles de divers métaux. Des tests spectroscopiques ont montré des signatures dans les boules noires correspondant à des graisses, des huiles et des molécules grasses souvent présentes dans le tartre de savon, l&rsquo;huile de cuisson et les sources alimentaires. Cela pointait vers des déchets humains.</p>
<p data-sourcepos="30:1-30:32">PFAS, drogues et signes de fèces</p>
<p data-sourcepos="32:1-32:186">L&rsquo;étape suivante consistait à voir si nous pouvions dissoudre la substance dans des solvants organiques. Seulement environ un tiers à la moitié de la masse s&rsquo;est dissoute de cette façon.</p>
<p data-sourcepos="34:1-34:337">Nous avons pu examiner de plus près la partie dissoute en utilisant une technique appelée spectrométrie de masse, qui identifie les molécules par leur poids et leur charge électrique. Cela a révélé des molécules présentes dans les carburants pour véhicules ainsi que des molécules organiques telles que les acides gras et les glycérides.</p>
<p data-sourcepos="36:1-36:372">Nous avons également identifié des substances perfluoroalkylées industrielles (PFAS ou « produits chimiques éternels »), des composés stéroïdiens tels que le norgestrél, des médicaments antihypertenseurs tels que le losartan, des pesticides et des médicaments vétérinaires. Cela est cohérent avec une contamination provenant des eaux usées et des ruissellements industriels.</p>
<p data-sourcepos="38:1-38:71">L&rsquo;intérieur d&rsquo;une boule écrasé, prêt pour les tests. (Jon Beves, CC BY)</p>
<p data-sourcepos="40:1-40:367">Il y avait également des signes de déchets fécaux humains, notamment un sous-produit du cholestérol appelé épicoprostanol et des résidus de drogues récréatives, notamment le tétrahydrocannabinol (également connu sous le nom de THC, un composé présent dans la plante de cannabis) et la méthamphétamine. Cela est cohérent avec les contributions des déchets domestiques.</p>
<p data-sourcepos="42:1-42:402">L&rsquo;analyse de la partie de la masse que nous n&rsquo;avons pas pu dissoudre s&rsquo;est avérée plus difficile. Ici, nous avons essayé la résonance magnétique nucléaire à l&rsquo;état solide et une méthode appelée spectroscopie infrarouge à transformée de Fourier, qui utilise la lumière infrarouge pour détecter les produits chimiques. Les résultats suggéraient la présence de graisses, mais ils n&rsquo;étaient pas définitifs.</p>
<p data-sourcepos="44:1-44:50">Les boules étaient-elles des morceaux de fatberg ?</p>
<p data-sourcepos="46:1-46:297">Alors, qu&rsquo;est-ce que tout cela signifie ? Les niveaux élevés de graisses, d&rsquo;huiles, de molécules grasses et de calcium, ainsi que la faible solubilité, sont compatibles avec un « fatberg » : une masse conglomérée de graisses, d&rsquo;huiles et de molécules grasses qui peuvent s&rsquo;accumuler dans les égouts.</p>
<p data-sourcepos="48:1-48:362">La détection de marqueurs de matières fécales humaines, de médicaments et de drogues récréatives suggère que l&rsquo;origine pourrait être des eaux usées ou d&rsquo;autres effluents urbains. Cependant, bien que la composition de ces boules noires suggère qu&rsquo;elles peuvent être similaires aux fatbergs, nous ne pouvons pas confirmer de manière définitive leur origine exacte.</p>
<p data-sourcepos="50:1-50:107">L&rsquo;incident des boules noires souligne le problème plus large de la pollution le long du littoral de Sydney.</p>
<p data-sourcepos="52:1-52:444">Des rapports récents indiquent qu&rsquo;environ 28 % des sites de baignade surveillés en Nouvelle-Galles du Sud sont sujets à la pollution. Beaucoup reçoivent de mauvaises notes de qualité de l&rsquo;eau, surtout après la pluie. Des plages telles que Gymea Bay, Coogee Beach, Malabar Beach et Frenchmans Bay ont été identifiées comme des zones préoccupantes, avec des avis contre la baignade en raison de la contamination par des matières fécales humaines.</p>
<p data-sourcepos="54:1-54:33">Pollution par les déchets urbains</p>
<p data-sourcepos="56:1-56:135">Analyser et comprendre la pollution par les déchets urbains n&rsquo;est pas une tâche facile. Cela nécessite une approche multidisciplinaire.</p>
<p data-sourcepos="58:1-58:176">Pour démêler la composition complexe des blobs, nous avons utilisé la datation au carbone 14, la spectrométrie de masse, l&rsquo;analyse élémentaire et des techniques de microscopie.</p>
<p data-sourcepos="60:1-60:321">Même après tout ce que nous avons fait, nous ne pouvons pas encore tirer de conclusions définitives sur la source principale des blobs. Cette incertitude reflète les défis plus larges auxquels sont confrontés les scientifiques et les agences environnementales pour suivre et résoudre la pollution dans les zones côtières.</p>
<p data-sourcepos="62:1-62:309">Cet incident souligne l&rsquo;importance d&rsquo;une analyse scientifique approfondie pour comprendre les problèmes environnementaux. En continuant à étudier les sources et la composition de ces polluants, nous pouvons en apprendre davantage sur la façon dont la gestion des déchets urbains affecte la santé de nos côtes.</p>
<p data-sourcepos="64:1-64:480">Cette recherche a été dirigée par des chercheurs de l&rsquo;UNSW, notamment le professeur associé Jon Beves, le Dr Tim Barrows, le Dr Martin Bucknall, le professeur William Alexander Donald, le Dr Albert Fahrenbach, le Dr Sarah Hancock, le Dr Christopher Hansen, Mme Lisa Hua, le Dr Martina Lessio, le Dr Chris Marjo, le professeur associé Vinh Nguyen, le Dr Martin Peeks, le Dr Aditya Rawal, le Dr Chowdhury Sarowar, le professeur Timothy Schmidt, le Dr Jake Violi et le Dr Helen Wang.</p>
<p>L’article <a href="/les-mysterieuses-boules-de-goudron-sur-les-plages-de-sydney-revelent-des-origines-choquantes/">Les mystérieuses boules de « goudron » sur les plages de Sydney révèlent des origines choquantes</a> est apparu en premier sur <a href="/">pense</a>.</p>
]]></content:encoded>
					
					<wfw:commentRss>/les-mysterieuses-boules-de-goudron-sur-les-plages-de-sydney-revelent-des-origines-choquantes/feed/</wfw:commentRss>
			<slash:comments>0</slash:comments>
		
		
		<media:content url="https://www.sciencealert.com/images/2024/11/black_balls_sydney.jpg" medium="image"></media:content>
				</item>
		<item>
		<title>La censure quantique pourrait cacher l&#8217;horrible vérité de ce qui se trouve à l&#8217;intérieur d&#8217;un trou noir</title>
		<link>/la-censure-quantique-pourrait-cacher-lhorrible-verite-de-ce-qui-se-trouve-a-linterieur-dun-trou-noir/</link>
					<comments>/la-censure-quantique-pourrait-cacher-lhorrible-verite-de-ce-qui-se-trouve-a-linterieur-dun-trou-noir/#respond</comments>
		
		<dc:creator><![CDATA[ApkF]]></dc:creator>
		<pubDate>Mon, 09 Dec 2024 08:56:24 +0000</pubDate>
				<category><![CDATA[Environnement]]></category>
		<guid isPermaLink="false">/?p=120</guid>

					<description><![CDATA[<p>La théorie de la gravité d&#8217;Albert Einstein, la relativité générale, est notoirement incomplète. Comme le physicien lauréat du prix Nobel Roger Penrose l&#8217;a prouvé, lorsque la matière s&#8217;effondre sous sa propre attraction gravitationnelle, le résultat est une « singularité » &#8211; un point de densité ou de courbure infinie. Au niveau d&#8217;une singularité, l&#8217;espace, le temps et &#8230;</p>
<p>L’article <a href="/la-censure-quantique-pourrait-cacher-lhorrible-verite-de-ce-qui-se-trouve-a-linterieur-dun-trou-noir/">La censure quantique pourrait cacher l&rsquo;horrible vérité de ce qui se trouve à l&rsquo;intérieur d&rsquo;un trou noir</a> est apparu en premier sur <a href="/">pense</a>.</p>
]]></description>
										<content:encoded><![CDATA[<p data-sourcepos="3:1-3:316">La théorie de la gravité d&rsquo;Albert Einstein, la relativité générale, est notoirement incomplète. Comme le physicien lauréat du prix Nobel Roger Penrose l&rsquo;a prouvé, lorsque la matière s&rsquo;effondre sous sa propre attraction gravitationnelle, le résultat est une « singularité » &#8211; un point de densité ou de courbure infinie.</p>
<p data-sourcepos="5:1-5:201">Au niveau d&rsquo;une singularité, l&rsquo;espace, le temps et la matière sont écrasés et étirés jusqu&rsquo;à leur non-existence. Les lois de la physique telles que nous les connaissons subissent un effondrement total.</p>
<p data-sourcepos="7:1-7:202">Si nous pouvions observer des singularités, nos théories physiques ne pourraient pas être utilisées pour prédire le futur à partir du passé. En d&rsquo;autres termes, la science deviendrait une impossibilité.</p>
<p data-sourcepos="9:1-9:97">Penrose a également réalisé que la nature pourrait avoir un remède à ce destin &#8211; les trous noirs.</p>
<p data-sourcepos="11:1-11:313">Une caractéristique définissante d&rsquo;un trou noir est son horizon des événements, une membrane unidirectionnelle dans l&rsquo;espace-temps. Les objets &#8211; y compris la lumière &#8211; qui traversent l&rsquo;horizon des événements ne peuvent jamais en sortir en raison de l&rsquo;attraction gravitationnelle incroyablement forte du trou noir.</p>
<p data-sourcepos="13:1-13:116">Dans toutes les descriptions mathématiques connues des trous noirs, des singularités sont présentes dans leur noyau.</p>
<p data-sourcepos="15:1-15:333">Penrose a postulé que toutes les singularités de l&rsquo;effondrement gravitationnel sont « habillées » par les horizons des événements des trous noirs &#8211; ce qui signifie que nous ne pourrions jamais en observer une. Avec la singularité à l&rsquo;intérieur de l&rsquo;horizon des événements, la physique dans le reste de l&rsquo;univers fonctionne normalement.</p>
<p data-sourcepos="17:1-17:110">Cette conjecture de Penrose, selon laquelle il n&rsquo;y a pas de singularités « nues », est appelée censure cosmique.</p>
<p data-sourcepos="19:1-19:251">Après un demi-siècle, elle reste non prouvée et constitue l&rsquo;un des problèmes ouverts les plus importants de la physique mathématique. Dans le même temps, il s&rsquo;est avéré tout aussi difficile de trouver des exemples de cas où la conjecture ne tient pas.</p>
<p data-sourcepos="21:1-21:190">Dans un travail récent, publié dans Physical Review Letters, nous avons montré que la mécanique quantique, qui régit le microcosme des particules et des atomes, soutient la censure cosmique.</p>
<p data-sourcepos="23:1-23:95">Première image jamais réalisée d&rsquo;un trou noir. (Event Horizon Telescope/Wiki Commons, CC BY-SA)</p>
<p data-sourcepos="25:1-25:15">Les trous noirs</p>
<p data-sourcepos="27:1-27:365">Les trous noirs sont influencés par la mécanique quantique dans une certaine mesure, mais cette influence est normalement ignorée par les physiciens. Par exemple, Penrose a exclu ces effets dans son travail, tout comme la théorie qui a permis aux scientifiques de mesurer les ondulations de l&rsquo;espace-temps appelées ondes gravitationnelles provenant des trous noirs.</p>
<p data-sourcepos="29:1-29:237">Lorsqu&rsquo;ils sont inclus, les scientifiques appellent les trous noirs « trous noirs quantiques ». Ceux-ci ont longtemps constitué un autre mystère, car nous ne savons pas comment la conjecture de Penrose fonctionne dans le domaine quantique.</p>
<p data-sourcepos="31:1-31:239">Un modèle où la matière et l&rsquo;espace-temps obéissent tous deux à la mécanique quantique est souvent considéré comme la description fondamentale de la nature. Cela pourrait être une « théorie du tout » ou une théorie de la « gravité quantique ».</p>
<p data-sourcepos="33:1-33:109">Malgré d&rsquo;énormes efforts, une théorie de la gravité quantique vérifiée expérimentalement reste insaisissable.</p>
<p data-sourcepos="35:1-35:400">Il est largement attendu que toute théorie viable de la gravité quantique devrait résoudre les singularités présentes dans la théorie classique &#8211; montrant potentiellement qu&rsquo;elles ne sont qu&rsquo;un artefact d&rsquo;une description incomplète. Il est donc raisonnable de s&rsquo;attendre à ce que les effets quantiques ne devraient pas aggraver le problème de savoir si nous pourrions jamais observer une singularité.</p>
<p data-sourcepos="37:1-37:180">C&rsquo;est parce que le théorème de singularité de Penrose fait certaines hypothèses sur la nature de la matière, à savoir que la matière dans l&rsquo;univers a toujours une énergie positive.</p>
<p data-sourcepos="39:1-39:197">Cependant, de telles hypothèses peuvent être violées mécaniquement quantique &#8211; nous savons que l&rsquo;énergie négative peut exister dans le domaine quantique en petites quantités (appelé effet Casimir).</p>
<p data-sourcepos="41:1-41:309">Sans une théorie complète de la gravité quantique, il est difficile d&rsquo;aborder ces questions. Mais des progrès peuvent être réalisés en considérant la gravité « semi-classique » ou « partiellement quantique », où l&rsquo;espace-temps obéit à la relativité générale mais la matière est décrite par la mécanique quantique.</p>
<p data-sourcepos="43:1-43:221">Bien que les équations définissant la gravité semi-classique soient connues, les résoudre est une toute autre histoire. Comparé au cas classique, notre compréhension des trous noirs quantiques est beaucoup moins complète.</p>
<p data-sourcepos="45:1-45:274">D&rsquo;après ce que nous savons des trous noirs quantiques, ils développent également des singularités. Mais nous nous attendons à ce qu&rsquo;une généralisation appropriée de la censure cosmique classique, à savoir la censure cosmique quantique, existe dans la gravité semi-classique.</p>
<p data-sourcepos="47:1-47:46">Développement de la censure cosmique quantique</p>
<p data-sourcepos="49:1-49:125">Jusqu&rsquo;à présent, il n&rsquo;existe pas de formulation établie de la censure cosmique quantique, bien qu&rsquo;il existe quelques indices.</p>
<p data-sourcepos="51:1-51:239">Dans certains cas, une singularité nue peut être modifiée par des effets quantiques pour voiler les singularités ; elles deviennent habillées quantiquement. C&rsquo;est parce que la mécanique quantique joue un rôle dans l&rsquo;horizon des événements.</p>
<p data-sourcepos="53:1-53:305">Le premier exemple de ce type a été présenté par les physiciens Roberto Emparan, Alessandro Fabbri et Nemanja Kaloper en 2002. Désormais, toutes les constructions connues de trous noirs quantiques partagent cette caractéristique, suggérant une formulation plus rigoureuse de la censure cosmique quantique.</p>
<p data-sourcepos="55:1-55:257">Intimement liée à la censure cosmique est l&rsquo;inégalité de Penrose. Il s&rsquo;agit d&rsquo;une relation mathématique qui, en supposant la censure cosmique, dit que la masse ou l&rsquo;énergie de l&rsquo;espace-temps est liée à la surface des horizons des trous noirs qu&rsquo;il contient.</p>
<p data-sourcepos="57:1-57:115">Par conséquent, une violation de l&rsquo;inégalité de Penrose suggérerait fortement une violation de la censure cosmique.</p>
<p data-sourcepos="59:1-59:339">Une inégalité de Penrose quantique pourrait donc être utilisée pour formuler rigoureusement la censure cosmique quantique. Une équipe de chercheurs a proposé une telle inégalité en 2019. Bien que prometteuse, leur proposition est très difficile à tester pour les trous noirs quantiques dans les régimes où les effets quantiques sont forts.</p>
<p data-sourcepos="61:1-61:189">Dans notre travail, nous avons découvert une inégalité de Penrose quantique qui s&rsquo;applique à tous les exemples connus de trous noirs quantiques, même en présence de forts effets quantiques.</p>
<p data-sourcepos="63:1-63:371">L&rsquo;inégalité de Penrose quantique limite l&rsquo;énergie de l&rsquo;espace-temps en termes d&rsquo;entropie totale &#8211; une mesure statistique du désordre d&rsquo;un système &#8211; des trous noirs et de la matière quantique qu&rsquo;il contient. Cet ajout de l&rsquo;entropie de la matière quantique garantit que l&rsquo;inégalité quantique est vraie même lorsque la version classique se décompose (à l&rsquo;échelle quantique).</p>
<p data-sourcepos="65:1-65:257">Que l&rsquo;énergie totale de ce système ne puisse pas être inférieure à l&rsquo;entropie totale est également naturel du point de vue de la thermodynamique. Pour empêcher une violation de la deuxième loi de la thermodynamique &#8211; que l&rsquo;entropie totale ne diminue jamais.</p>
<p data-sourcepos="67:1-67:317">Lorsque de la matière quantique est introduite, son entropie est ajoutée à celle du trou noir, obéissant à une deuxième loi généralisée. En d&rsquo;autres termes, l&rsquo;inégalité de Penrose peut également être comprise comme des limites sur l&rsquo;entropie &#8211; dépassez cette limite, et l&rsquo;espace-temps développe des singularités nues.</p>
<p data-sourcepos="69:1-69:176">Sur le plan logique, il n&rsquo;était pas évident que tous les trous noirs quantiques connus satisfassent à la même inégalité universelle, mais nous avons montré qu&rsquo;ils le faisaient.</p>
<p data-sourcepos="71:1-71:187">Notre résultat n&rsquo;est pas une preuve d&rsquo;une inégalité de Penrose quantique. Mais le fait qu&rsquo;un tel résultat tienne dans le domaine quantique ainsi que dans le domaine classique le renforce.</p>
<p data-sourcepos="73:1-73:113">Alors que l&rsquo;espace et le temps peuvent prendre fin aux singularités, la mécanique quantique nous cache ce destin.</p>
<p>L’article <a href="/la-censure-quantique-pourrait-cacher-lhorrible-verite-de-ce-qui-se-trouve-a-linterieur-dun-trou-noir/">La censure quantique pourrait cacher l&rsquo;horrible vérité de ce qui se trouve à l&rsquo;intérieur d&rsquo;un trou noir</a> est apparu en premier sur <a href="/">pense</a>.</p>
]]></content:encoded>
					
					<wfw:commentRss>/la-censure-quantique-pourrait-cacher-lhorrible-verite-de-ce-qui-se-trouve-a-linterieur-dun-trou-noir/feed/</wfw:commentRss>
			<slash:comments>0</slash:comments>
		
		
		<media:content url="https://www.sciencealert.com/images/2024/12/IllustrationOFBlackHoleDrapedInGaseousClouds.jpg" medium="image"></media:content>
				</item>
		<item>
		<title>Les émissions des jets privés ont augmenté de près de 50 % cette décennie</title>
		<link>/les-emissions-des-jets-prives-ont-augmente-de-pres-de-50-cette-decennie/</link>
					<comments>/les-emissions-des-jets-prives-ont-augmente-de-pres-de-50-cette-decennie/#respond</comments>
		
		<dc:creator><![CDATA[ApkF]]></dc:creator>
		<pubDate>Sun, 08 Dec 2024 17:43:38 +0000</pubDate>
				<category><![CDATA[Environnement]]></category>
		<guid isPermaLink="false">/?p=87</guid>

					<description><![CDATA[<p>L&#8217;empreinte carbone des voyages en jet privé a augmenté de 46 % entre 2019 et 2023 et continuera d&#8217;augmenter si l&#8217;industrie du luxe extrême n&#8217;est pas réglementée, selon une nouvelle étude publiée jeudi. Les émissions de dioxyde de carbone du secteur de l&#8217;aviation privée ont atteint leur pic pendant l&#8217;été européen et autour d&#8217;événements mondiaux &#8230;</p>
<p>L’article <a href="/les-emissions-des-jets-prives-ont-augmente-de-pres-de-50-cette-decennie/">Les émissions des jets privés ont augmenté de près de 50 % cette décennie</a> est apparu en premier sur <a href="/">pense</a>.</p>
]]></description>
										<content:encoded><![CDATA[<p data-sourcepos="5:1-5:202">L&#8217;empreinte carbone des voyages en jet privé a augmenté de 46 % entre 2019 et 2023 et continuera d&rsquo;augmenter si l&rsquo;industrie du luxe extrême n&rsquo;est pas réglementée, selon une nouvelle étude publiée jeudi.</p>
<p data-sourcepos="7:1-7:255">Les émissions de dioxyde de carbone du secteur de l&rsquo;aviation privée ont atteint leur pic pendant l&rsquo;été européen et autour d&rsquo;événements mondiaux majeurs tels que la Coupe du monde, le Festival de Cannes et les sommets sur le climat de l&rsquo;ONU, selon l&rsquo;étude.</p>
<p data-sourcepos="9:1-9:185">Moyen de transport privilégié des riches et célèbres, les jets privés sont la forme de vol la plus énergivore et l&rsquo;industrie est depuis longtemps une cible des protestataires du climat.</p>
<p data-sourcepos="11:1-11:171">L&rsquo;aviation privée était responsable de 15,6 millions de tonnes d&rsquo;émissions de CO2 en 2023, ont écrit les auteurs de l&rsquo;étude des universités suédoise, danoise et allemande.</p>
<p data-sourcepos="13:1-13:101">Cela représentait moins de deux pour cent des émissions totales de carbone de l&rsquo;aviation commerciale.</p>
<p data-sourcepos="15:1-15:204">Mais les jets privés ne desservent que 256 000 personnes &#8211; environ 0,003 % de la population adulte mondiale &#8211; ce qui signifie des émissions par passager nettement plus élevées que les voyages commerciaux.</p>
<p data-sourcepos="17:1-17:196">Les chercheurs ont évalué les données de suivi des vols d&rsquo;environ 18,7 millions de charters individuels effectués entre 2019 et 2023, représentant la grande majorité de l&rsquo;aviation privée mondiale.</p>
<p data-sourcepos="19:1-19:161">Connexions directes (rouge) entre les paires de villes en 2023, considérant 4,3 millions de vols. (Gössling et al., Communications Earth &amp; Environment, 2024)</p>
<p data-sourcepos="19:1-19:161"><img decoding="async" src="data:image/gif;base64,R0lGODlhAQABAIAAAAAAAP///ywAAAAAAQABAAACAUwAOw==" fifu-lazy="1" fifu-data-sizes="auto" fifu-data-srcset="https://i0.wp.com/www.sciencealert.com/images/2024/11/private_jet_travel_2023-600x316.jpg?ssl=1&w=75&resize=75&ssl=1 75w, https://i0.wp.com/www.sciencealert.com/images/2024/11/private_jet_travel_2023-600x316.jpg?ssl=1&w=100&resize=100&ssl=1 100w, https://i0.wp.com/www.sciencealert.com/images/2024/11/private_jet_travel_2023-600x316.jpg?ssl=1&w=150&resize=150&ssl=1 150w, https://i0.wp.com/www.sciencealert.com/images/2024/11/private_jet_travel_2023-600x316.jpg?ssl=1&w=240&resize=240&ssl=1 240w, https://i0.wp.com/www.sciencealert.com/images/2024/11/private_jet_travel_2023-600x316.jpg?ssl=1&w=320&resize=320&ssl=1 320w, https://i0.wp.com/www.sciencealert.com/images/2024/11/private_jet_travel_2023-600x316.jpg?ssl=1&w=500&resize=500&ssl=1 500w, https://i0.wp.com/www.sciencealert.com/images/2024/11/private_jet_travel_2023-600x316.jpg?ssl=1&w=640&resize=640&ssl=1 640w, https://i0.wp.com/www.sciencealert.com/images/2024/11/private_jet_travel_2023-600x316.jpg?ssl=1&w=800&resize=800&ssl=1 800w, https://i0.wp.com/www.sciencealert.com/images/2024/11/private_jet_travel_2023-600x316.jpg?ssl=1&w=1024&resize=1024&ssl=1 1024w, https://i0.wp.com/www.sciencealert.com/images/2024/11/private_jet_travel_2023-600x316.jpg?ssl=1&w=1280&resize=1280&ssl=1 1280w, https://i0.wp.com/www.sciencealert.com/images/2024/11/private_jet_travel_2023-600x316.jpg?ssl=1&w=1600&resize=1600&ssl=1 1600w" fifu-data-src="https://i0.wp.com/www.sciencealert.com/images/2024/11/private_jet_travel_2023-600x316.jpg?ssl=1" /></p>
<p data-sourcepos="21:1-21:164">Ils ont constaté qu&rsquo;environ la moitié de ces voyages étaient inférieurs à 500 kilomètres et que beaucoup étaient vides, en route pour un ramassage ou une livraison.</p>
<p data-sourcepos="23:1-23:163">Ils ont également noté que les jets privés sur de très courts trajets « semblent dans de nombreux cas remplacer les voitures pour gagner du temps ou par commodité ».</p>
<p data-sourcepos="25:1-25:231">« L&rsquo;analyse montre que les individus utilisant l&rsquo;AP (aviation privée) émettent de manière disproportionnée plus qu&rsquo;un humain moyen », a déclaré l&rsquo;étude publiée dans la revue à comité de lecture Communications Earth &amp; Environment.</p>
<p data-sourcepos="27:1-27:154">Environ les deux tiers des jets privés mondiaux sont basés aux États-Unis, et le passager moyen a une valeur nette personnelle de 123 millions de dollars.</p>
<p data-sourcepos="29:1-29:160">En 2023, un trafic considérable de jets privés a été associé au Super Bowl, au Forum économique mondial de Davos et à la conférence sur le climat COP28 à Dubaï.</p>
<p data-sourcepos="31:1-31:137">De tels événements de gala peuvent attirer « des centaines de vols individuels » qui génèrent « des émissions considérables », selon l&rsquo;étude.</p>
<p data-sourcepos="33:1-33:196">Il y avait également « une tendance saisonnière claire de fréquentation maximale en été » dans les destinations côtières de luxe comme Ibiza et Nice, avec des voyages regroupés autour des week-ends.</p>
<p data-sourcepos="35:1-35:164">L&rsquo;industrie du jet privé devrait croître, avec des prévisions selon lesquelles la flotte actuelle de 26 000 avions pourrait augmenter d&rsquo;environ un tiers d&rsquo;ici 2033.</p>
<p data-sourcepos="37:1-37:160">Cela signifie que l&rsquo;aviation privée deviendra de plus en plus importante en tant que source d&rsquo;émissions de CO2 en termes relatifs et absolus, selon les auteurs.</p>
<p data-sourcepos="39:1-39:224">« Alors que l&rsquo;utilisation de carburants d&rsquo;aviation durables reste limitée et qu&rsquo;une majorité de propriétaires de jets privés ne prévoient pas de l&rsquo;utiliser dans un avenir proche, il sera nécessaire de réglementer le secteur. »</p>
<p data-sourcepos="41:1-41:200">Les voyages aériens privés « illustrent le dilemme politique consistant à aborder le rôle des riches, car les décideurs politiques hésitent à se concentrer sur les riches et puissants », ajoute l&rsquo;étude.</p>
<p>L’article <a href="/les-emissions-des-jets-prives-ont-augmente-de-pres-de-50-cette-decennie/">Les émissions des jets privés ont augmenté de près de 50 % cette décennie</a> est apparu en premier sur <a href="/">pense</a>.</p>
]]></content:encoded>
					
					<wfw:commentRss>/les-emissions-des-jets-prives-ont-augmente-de-pres-de-50-cette-decennie/feed/</wfw:commentRss>
			<slash:comments>0</slash:comments>
		
		
		<media:content url="https://www.sciencealert.com/images/2024/11/private_jet_tarmac.jpg" medium="image"></media:content>
				</item>
		<item>
		<title>Les scientifiques prédisent que l&#8217;IA générera des millions de tonnes de déchets électroniques</title>
		<link>/les-scientifiques-predisent-que-lia-generera-des-millions-de-tonnes-de-dechets-electroniques/</link>
					<comments>/les-scientifiques-predisent-que-lia-generera-des-millions-de-tonnes-de-dechets-electroniques/#respond</comments>
		
		<dc:creator><![CDATA[ApkF]]></dc:creator>
		<pubDate>Sun, 08 Dec 2024 17:42:28 +0000</pubDate>
				<category><![CDATA[Environnement]]></category>
		<guid isPermaLink="false">/?p=84</guid>

					<description><![CDATA[<p>L&#8217;intelligence artificielle imite de plus en plus ses créateurs humains. L&#8217;IA générative peut désormais tenir des conversations de manière convaincante, produire de l&#8217;art, réaliser des films et même apprendre à se reproduire dans des jeux vidéo. Mais comme le prévient une nouvelle étude de chercheurs de l&#8217;Académie chinoise des sciences et de l&#8217;Université Reichman en &#8230;</p>
<p>L’article <a href="/les-scientifiques-predisent-que-lia-generera-des-millions-de-tonnes-de-dechets-electroniques/">Les scientifiques prédisent que l&rsquo;IA générera des millions de tonnes de déchets électroniques</a> est apparu en premier sur <a href="/">pense</a>.</p>
]]></description>
										<content:encoded><![CDATA[<p data-sourcepos="5:1-5:245">L&rsquo;intelligence artificielle imite de plus en plus ses créateurs humains. L&rsquo;IA générative peut désormais tenir des conversations de manière convaincante, produire de l&rsquo;art, réaliser des films et même apprendre à se reproduire dans des jeux vidéo.</p>
<p data-sourcepos="7:1-7:297">Mais comme le prévient une nouvelle étude de chercheurs de l&rsquo;Académie chinoise des sciences et de l&rsquo;Université Reichman en Israël, l&rsquo;intelligence artificielle pourrait également imiter involontairement une autre caractéristique moins noble de l&rsquo;humanité moderne : le gaspillage de l&rsquo;environnement.</p>
<p data-sourcepos="9:1-9:288">Alimentée par la popularité croissante des systèmes d&rsquo;IA générative, tels que les chatbots comme ChatGPT et d&rsquo;autres systèmes de création de contenu, nous pourrions nous retrouver avec entre 1,2 et 5 millions de tonnes supplémentaires de déchets électroniques d&rsquo;ici la fin de la décennie.</p>
<p data-sourcepos="11:1-11:213">La nouvelle étude se concentre particulièrement sur les grands modèles de langage (LLM), un type de programme d&rsquo;IA capable d&rsquo;interpréter et de produire du langage humain, ainsi que d&rsquo;effectuer des tâches connexes.</p>
<p data-sourcepos="13:1-13:312">Formés sur de vastes ensembles de données textuelles, les LLM identifient les relations statistiques sous-jacentes aux règles et aux modèles du langage et les appliquent pour générer un contenu similaire, permettant des capacités étonnantes comme répondre à des questions, produire des images ou écrire du texte.</p>
<p data-sourcepos="15:1-15:340">En plus de ses nombreux avantages, cependant, l&rsquo;IA générative a soulevé une série de questions philosophiques et pratiques pour la société &#8211; des préoccupations concernant le fait que l&rsquo;IA prenne nos emplois à la crainte qu&rsquo;elle soit utilisée à mauvais escient par les humains, nous trompe ou même devienne consciente d&rsquo;elle-même et rebelle.</p>
<p data-sourcepos="17:1-17:226">Et comme le souligne la nouvelle étude, l&rsquo;IA générative commence également à déclencher des alarmes concernant la quantité considérable de déchets électroniques supplémentaires que la technologie devrait générer indirectement.</p>
<p data-sourcepos="19:1-19:366">L&rsquo;IA générative dépend d&rsquo;améliorations technologiques rapides, notamment au niveau de l&rsquo;infrastructure matérielle et des puces. Les mises à niveau nécessaires pour suivre le rythme de la croissance de la technologie pourraient aggraver les problèmes de déchets électroniques existants, notent-ils, en fonction de la mise en œuvre de mesures de réduction des déchets.</p>
<p data-sourcepos="21:1-21:354">« Les LLM exigent des ressources informatiques considérables pour l&rsquo;entraînement et l&rsquo;inférence, ce qui nécessite un matériel informatique et une infrastructure étendus », écrivent les auteurs de l&rsquo;étude. « Cette nécessité soulève des questions critiques de durabilité, notamment la consommation d&rsquo;énergie et l&#8217;empreinte carbone associées à ces opérations. »</p>
<p data-sourcepos="23:1-23:29">(SparkFun Electronics/Flickr)</p>
<p data-sourcepos="25:1-25:353">Des recherches antérieures se sont principalement concentrées sur la consommation d&rsquo;énergie et les émissions de carbone associées aux modèles d&rsquo;IA, notent les chercheurs, accordant relativement peu d&rsquo;attention aux matériaux physiques impliqués dans le cycle de vie des modèles ou au flux de déchets d&rsquo;équipements électroniques laissés dans leur sillage.</p>
<p data-sourcepos="27:1-27:280">Dirigés par Peng Wang, expert en gestion des ressources au Key Lab of Urban Environment and Health de l&rsquo;Académie chinoise des sciences, les auteurs de l&rsquo;étude ont calculé une prévision des quantités possibles de déchets électroniques créées par l&rsquo;IA générative entre 2020 et 2030.</p>
<p data-sourcepos="29:1-29:236">Les chercheurs ont envisagé quatre scénarios, chacun avec un degré différent de production et d&rsquo;utilisation de systèmes d&rsquo;IA générative, allant d&rsquo;un scénario agressif d&rsquo;utilisation généralisée à un scénario conservateur, plus contraint.</p>
<p data-sourcepos="31:1-31:378">Dans le scénario le plus agressif, la création totale de déchets électroniques due à l&rsquo;IA générative pourrait atteindre 5 millions de tonnes métriques entre 2023 et 2030, avec des déchets électroniques annuels pouvant atteindre 2,5 millions de tonnes métriques d&rsquo;ici la fin de la décennie. C&rsquo;est plus ou moins l&rsquo;équivalent de chaque personne sur la planète jetant un smartphone.</p>
<p data-sourcepos="33:1-33:311">Le scénario à forte utilisation prévoyait également que les déchets électroniques supplémentaires de l&rsquo;IA comprendraient 1,5 million de tonnes métriques de cartes de circuits imprimés et 500 000 tonnes métriques de batteries, qui peuvent contenir des matériaux dangereux comme le plomb, le mercure et le chrome.</p>
<p data-sourcepos="35:1-35:362">L&rsquo;année dernière seulement, à peine 2,6 mille tonnes d&rsquo;électronique ont été jetées à cause de la technologie dédiée à l&rsquo;IA. Considérant que la quantité totale de déchets électroniques provenant de la technologie en général devrait augmenter d&rsquo;environ un tiers pour atteindre 82 millions de tonnes d&rsquo;ici 2030, il est clair que l&rsquo;IA aggrave un problème déjà grave.</p>
<p data-sourcepos="37:1-37:207">En examinant ces différents scénarios, Peng et ses collègues attirent l&rsquo;attention sur un point important : l&rsquo;IA générative n&rsquo;a pas nécessairement à imposer un fardeau de déchets électroniques aussi excessif.</p>
<p data-sourcepos="39:1-39:208">Les chercheurs notent que l&rsquo;Agence internationale de l&rsquo;énergie et de nombreuses entreprises technologiques préconisent des stratégies d&rsquo;économie circulaire pour résoudre le problème des déchets électroniques.</p>
<p data-sourcepos="41:1-41:282">Selon la nouvelle étude, les stratégies les plus efficaces sont l&rsquo;extension de la durée de vie et la réutilisation des modèles, qui consistent à prolonger la durée de vie de l&rsquo;infrastructure existante et à réutiliser les matériaux et modules clés dans le processus de remanufacture.</p>
<p data-sourcepos="43:1-43:177">La mise en œuvre de stratégies d&rsquo;économie circulaire comme celles-ci pourrait réduire le fardeau des déchets électroniques de l&rsquo;IA générative jusqu&rsquo;à 86 %, selon les chercheurs.</p>
<p>L’article <a href="/les-scientifiques-predisent-que-lia-generera-des-millions-de-tonnes-de-dechets-electroniques/">Les scientifiques prédisent que l&rsquo;IA générera des millions de tonnes de déchets électroniques</a> est apparu en premier sur <a href="/">pense</a>.</p>
]]></content:encoded>
					
					<wfw:commentRss>/les-scientifiques-predisent-que-lia-generera-des-millions-de-tonnes-de-dechets-electroniques/feed/</wfw:commentRss>
			<slash:comments>0</slash:comments>
		
		
		<media:content url="https://www.sciencealert.com/images/2024/11/e-waste.jpg" medium="image"></media:content>
				</item>
	</channel>
</rss>
