<?xml version="1.0" encoding="UTF-8"?><rss version="2.0"
	xmlns:media="http://search.yahoo.com/mrss/"
	xmlns:content="http://purl.org/rss/1.0/modules/content/"
	xmlns:dc="http://purl.org/dc/elements/1.1/"
	xmlns:atom="http://www.w3.org/2005/Atom"
	xmlns:sy="http://purl.org/rss/1.0/modules/syndication/"
	
	>
<channel>
	<title>
	Commentaires sur : Se coller la bouche avec du ruban adhésif pour traiter l&#8217;apnée du sommeil n&#8217;est pas une bonne idée	</title>
	<atom:link href="/se-coller-la-bouche-avec-du-ruban-adhesif-pour-traiter-lapnee-du-sommeil-nest-pas-une-bonne-idee/feed/" rel="self" type="application/rss+xml" />
	<link>/se-coller-la-bouche-avec-du-ruban-adhesif-pour-traiter-lapnee-du-sommeil-nest-pas-une-bonne-idee/</link>
	<description></description>
	<lastBuildDate>Sun, 08 Dec 2024 13:39:05 +0000</lastBuildDate>
	<sy:updatePeriod>
	hourly	</sy:updatePeriod>
	<sy:updateFrequency>
	1	</sy:updateFrequency>
	<generator>https://wordpress.org/?v=6.7.1</generator>
</channel>
</rss>
