<?xml version="1.0" encoding="UTF-8"?><rss version="2.0"
	xmlns:media="http://search.yahoo.com/mrss/"
	xmlns:content="http://purl.org/rss/1.0/modules/content/"
	xmlns:dc="http://purl.org/dc/elements/1.1/"
	xmlns:atom="http://www.w3.org/2005/Atom"
	xmlns:sy="http://purl.org/rss/1.0/modules/syndication/"
	
	>
<channel>
	<title>
	Commentaires sur : Qu&#8217;est-ce que l&#8217;alexithymie ? Un guide sur l&#8217;expérience cachée de millions de personnes	</title>
	<atom:link href="/quest-ce-que-lalexithymie-un-guide-sur-lexperience-cachee-de-millions-de-personnes/feed/" rel="self" type="application/rss+xml" />
	<link>/quest-ce-que-lalexithymie-un-guide-sur-lexperience-cachee-de-millions-de-personnes/</link>
	<description></description>
	<lastBuildDate>Sun, 08 Dec 2024 17:57:59 +0000</lastBuildDate>
	<sy:updatePeriod>
	hourly	</sy:updatePeriod>
	<sy:updateFrequency>
	1	</sy:updateFrequency>
	<generator>https://wordpress.org/?v=6.7.1</generator>
</channel>
</rss>
