<?xml version="1.0" encoding="UTF-8"?><rss version="2.0"
	xmlns:media="http://search.yahoo.com/mrss/"
	xmlns:content="http://purl.org/rss/1.0/modules/content/"
	xmlns:dc="http://purl.org/dc/elements/1.1/"
	xmlns:atom="http://www.w3.org/2005/Atom"
	xmlns:sy="http://purl.org/rss/1.0/modules/syndication/"
	
	>
<channel>
	<title>
	Commentaires sur : Les plantes émettent vraiment des « cris ». Nous ne les avions simplement jamais entendus jusqu&#8217;à maintenant.	</title>
	<atom:link href="/les-plantes-emettent-vraiment-des-cris-nous-ne-les-avions-simplement-jamais-entendus-jusqua-maintenant/feed/" rel="self" type="application/rss+xml" />
	<link>/les-plantes-emettent-vraiment-des-cris-nous-ne-les-avions-simplement-jamais-entendus-jusqua-maintenant/</link>
	<description></description>
	<lastBuildDate>Sun, 08 Dec 2024 17:51:42 +0000</lastBuildDate>
	<sy:updatePeriod>
	hourly	</sy:updatePeriod>
	<sy:updateFrequency>
	1	</sy:updateFrequency>
	<generator>https://wordpress.org/?v=6.7.1</generator>
</channel>
</rss>
