<?xml version="1.0" encoding="UTF-8"?><rss version="2.0"
	xmlns:media="http://search.yahoo.com/mrss/"
	xmlns:content="http://purl.org/rss/1.0/modules/content/"
	xmlns:wfw="http://wellformedweb.org/CommentAPI/"
	xmlns:dc="http://purl.org/dc/elements/1.1/"
	xmlns:atom="http://www.w3.org/2005/Atom"
	xmlns:sy="http://purl.org/rss/1.0/modules/syndication/"
	xmlns:slash="http://purl.org/rss/1.0/modules/slash/"
	>

<channel>
	<title>Archives des Nature - pense</title>
	<atom:link href="/category/nature/feed/" rel="self" type="application/rss+xml" />
	<link>/category/nature/</link>
	<description></description>
	<lastBuildDate>Mon, 09 Dec 2024 09:12:37 +0000</lastBuildDate>
	<language>fr-FR</language>
	<sy:updatePeriod>
	hourly	</sy:updatePeriod>
	<sy:updateFrequency>
	1	</sy:updateFrequency>
	<generator>https://wordpress.org/?v=6.7.1</generator>

<image>
	<url>/wp-content/uploads/2024/12/favicon.png</url>
	<title>Archives des Nature - pense</title>
	<link>/category/nature/</link>
	<width>32</width>
	<height>32</height>
</image> 
	<item>
		<title>Une découverte sauvage révèle que les méduses peignes peuvent vieillir en sens inverse</title>
		<link>/une-decouverte-sauvage-revele-que-les-meduses-peignes-peuvent-vieillir-en-sens-inverse/</link>
					<comments>/une-decouverte-sauvage-revele-que-les-meduses-peignes-peuvent-vieillir-en-sens-inverse/#respond</comments>
		
		<dc:creator><![CDATA[ApkF]]></dc:creator>
		<pubDate>Mon, 09 Dec 2024 09:12:37 +0000</pubDate>
				<category><![CDATA[Nature]]></category>
		<guid isPermaLink="false">/?p=141</guid>

					<description><![CDATA[<p>Lorsque les choses se compliquent à l&#8217;âge adulte, il peut sembler attrayant de revenir à des temps plus simples. Une créature marine bizarre a adopté cette approche littéralement dans des situations désespérées, régression de son corps adulte physique à un stade juvénile une fois le stress de la famine ou des blessures disparu. Jusqu&#8217;à présent, &#8230;</p>
<p>L’article <a href="/une-decouverte-sauvage-revele-que-les-meduses-peignes-peuvent-vieillir-en-sens-inverse/">Une découverte sauvage révèle que les méduses peignes peuvent vieillir en sens inverse</a> est apparu en premier sur <a href="/">pense</a>.</p>
]]></description>
										<content:encoded><![CDATA[<p data-sourcepos="3:1-4:216">Lorsque les choses se compliquent à l&rsquo;âge adulte, il peut sembler attrayant de revenir à des temps plus simples. Une créature marine bizarre a adopté cette approche littéralement dans des situations désespérées, régression de son corps adulte physique à un stade juvénile une fois le stress de la famine ou des blessures disparu.</p>
<p data-sourcepos="6:1-6:298">Jusqu&rsquo;à présent, la méduse immortelle (Turritopsis dohrnii) était la seule espèce considérée capable de remonter le temps de la puberté de la méduse de cette manière, mais maintenant elle est rejointe par Mnemiopsis leidyi, mieux connue sous le nom de noix de mer ou de méduse à peigne verruqueuse.</p>
<p data-sourcepos="8:1-8:383">Nous savions déjà que les méduses à peigne étaient assez spéciales : leurs capacités de régénération sont inégalées, elles peuvent fusionner pour survivre à des blessures majeures, elles ne forment un anus que lorsqu&rsquo;elles en ont réellement besoin et, sans tenir compte des règles habituelles de la biologie, elles peuvent se reproduire sexuellement à leur soi-disant stade larvaire.</p>
<p data-sourcepos="10:1-10:273">Des études précédentes avaient également observé que M. leidyi réduisait considérablement sa taille et sa masse corporelle pendant la famine comme moyen de survivre aux périodes plus maigres, mais des expériences avaient exclu le vieillissement inversé dans ces conditions.</p>
<p data-sourcepos="12:1-12:360">Le biologiste marin Joan Soto-Angel, de l&rsquo;Université de Bergen en Norvège, était confus lorsqu&rsquo;une noix de mer adulte qu&rsquo;il gardait dans un aquarium de laboratoire, avec ses lobes gélatineux dodus qui définissent l&rsquo;âge adulte chez cette espèce, a soudainement disparu. À sa place pulsait une larve, plus en forme de coque de noix que tout adulte de son espèce.</p>
<p data-sourcepos="14:1-14:201">Le cycle de vie de la méduse à peigne de noix de mer n&rsquo;est pas aussi simple que nous le pensions. Illustrations des différents stades de la vie par Nicholas Bezio. (Soto-Angel et Burkhardt, PNAS, 2024)</p>
<p data-sourcepos="16:1-16:258">Il a senti que les recherches existantes n&rsquo;étaient peut-être pas complètes, et donc, en collaboration avec son collègue du Michael Sars Center, Pawel Burkhardt, il a décidé de vérifier si cette gelée avait en quelque sorte remonté le temps du vieillissement.</p>
<p data-sourcepos="18:1-18:204">Ils ont gardé 65 méduses adultes en bonne santé isolées dans des réservoirs, qui avaient toutes complètement réabsorbé les tentacules de leur jeunesse, une autre caractéristique définissant leur maturité.</p>
<p data-sourcepos="20:1-20:214">Tous ont été affamés pendant 15 jours, puis nourris une fois par semaine avec une petite quantité de rotifères, un régime beaucoup plus maigre que d&rsquo;habitude, et comme prévu, ils ont commencé à rétrécir rapidement.</p>
<p data-sourcepos="22:1-22:186">Lorsque leurs lobes adultes ont commencé à se « réabsorber » dans leurs corps diminuants, l&rsquo;alimentation a repris tous les deux jours. Et Soto-Angel savait qu&rsquo;il était sur quelque chose.</p>
<p data-sourcepos="24:1-24:182">Quinze de ces méduses avaient également subi une ablation des lobes au début de l&rsquo;expérience, ajoutant un stress supplémentaire que les expériences précédentes n&rsquo;avaient pas capturé.</p>
<p data-sourcepos="26:1-26:228">« Au cours de plusieurs semaines, ils ont non seulement remodelé leurs caractéristiques morphologiques, mais ont également eu un comportement alimentaire complètement différent, typique d&rsquo;une larve cydippide », déclare Soto-Angel.</p>
<p data-sourcepos="26:1-26:228"><img decoding="async" src="data:image/gif;base64,R0lGODlhAQABAIAAAAAAAP///ywAAAAAAQABAAACAUwAOw==" fifu-lazy="1" fifu-data-sizes="auto" fifu-data-srcset="https://i1.wp.com/www.sciencealert.com/images/2024/10/pnas.2411499121fig02-1-e1730354866672-1536x1522.jpg?ssl=1&w=75&resize=75&ssl=1 75w, https://i1.wp.com/www.sciencealert.com/images/2024/10/pnas.2411499121fig02-1-e1730354866672-1536x1522.jpg?ssl=1&w=100&resize=100&ssl=1 100w, https://i1.wp.com/www.sciencealert.com/images/2024/10/pnas.2411499121fig02-1-e1730354866672-1536x1522.jpg?ssl=1&w=150&resize=150&ssl=1 150w, https://i1.wp.com/www.sciencealert.com/images/2024/10/pnas.2411499121fig02-1-e1730354866672-1536x1522.jpg?ssl=1&w=240&resize=240&ssl=1 240w, https://i1.wp.com/www.sciencealert.com/images/2024/10/pnas.2411499121fig02-1-e1730354866672-1536x1522.jpg?ssl=1&w=320&resize=320&ssl=1 320w, https://i1.wp.com/www.sciencealert.com/images/2024/10/pnas.2411499121fig02-1-e1730354866672-1536x1522.jpg?ssl=1&w=500&resize=500&ssl=1 500w, https://i1.wp.com/www.sciencealert.com/images/2024/10/pnas.2411499121fig02-1-e1730354866672-1536x1522.jpg?ssl=1&w=640&resize=640&ssl=1 640w, https://i1.wp.com/www.sciencealert.com/images/2024/10/pnas.2411499121fig02-1-e1730354866672-1536x1522.jpg?ssl=1&w=800&resize=800&ssl=1 800w, https://i1.wp.com/www.sciencealert.com/images/2024/10/pnas.2411499121fig02-1-e1730354866672-1536x1522.jpg?ssl=1&w=1024&resize=1024&ssl=1 1024w, https://i1.wp.com/www.sciencealert.com/images/2024/10/pnas.2411499121fig02-1-e1730354866672-1536x1522.jpg?ssl=1&w=1280&resize=1280&ssl=1 1280w, https://i1.wp.com/www.sciencealert.com/images/2024/10/pnas.2411499121fig02-1-e1730354866672-1536x1522.jpg?ssl=1&w=1600&resize=1600&ssl=1 1600w" fifu-data-src="https://i1.wp.com/www.sciencealert.com/images/2024/10/pnas.2411499121fig02-1-e1730354866672-1536x1522.jpg?ssl=1" /></p>
<p data-sourcepos="28:1-28:140">« Voir comment ils passent lentement à une larve cydippide typique, comme s&rsquo;ils retournaient dans le temps, était tout simplement fascinant. »</p>
<p data-sourcepos="30:1-30:359">L&rsquo;expérience a montré que la méduse pouvait revenir à une forme juvénile lorsqu&rsquo;elle n&rsquo;était stressée que par la famine, mais cela était beaucoup moins fréquent que dans le groupe de lobectomie : seulement sept des 50 méduses affamées ont complètement régressé, tandis que six des quinze animaux blessés étaient l&rsquo;équivalent de la gelée de « 17 ans à nouveau ».</p>
<p data-sourcepos="32:1-32:226">Trajectoires individuelles et changements morphologiques au cours du développement inverse pour trois spécimens de M. leidyi. Échelle de barre : 5 mm pour le jour 0 ; tous les autres 2 mm. (Soto-Angel et Burkhardt, PNAS, 2024)</p>
<p data-sourcepos="34:1-34:167">Cela signifie également que de nombreuses méduses juvéniles dans les expériences et les enregistrements n&rsquo;étaient peut-être pas aussi jeunes qu&rsquo;elles en avaient l&rsquo;air.</p>
<p data-sourcepos="36:1-36:279">« Il sera intéressant de révéler le mécanisme moléculaire qui sous-tend le développement inverse et ce qui arrive au réseau nerveux de l&rsquo;animal au cours de ce processus », déclare le collaborateur Pawel Burkhardt, qui dirige des recherches sur les origines évolutives des neurones.</p>
<p data-sourcepos="38:1-38:224">« Le fait que nous ayons trouvé une nouvelle espèce qui utilise cette étrange &lsquo;machine à remonter le temps&rsquo; soulève des questions fascinantes sur la diffusion de cette capacité dans l&rsquo;arbre de vie animal », déclare Soto-Angel.</p>
<p>L’article <a href="/une-decouverte-sauvage-revele-que-les-meduses-peignes-peuvent-vieillir-en-sens-inverse/">Une découverte sauvage révèle que les méduses peignes peuvent vieillir en sens inverse</a> est apparu en premier sur <a href="/">pense</a>.</p>
]]></content:encoded>
					
					<wfw:commentRss>/une-decouverte-sauvage-revele-que-les-meduses-peignes-peuvent-vieillir-en-sens-inverse/feed/</wfw:commentRss>
			<slash:comments>0</slash:comments>
		
		
		<media:content url="https://www.sciencealert.com/images/2024/10/pnas.2411499121fig02.jpg" medium="image"></media:content>
				</item>
		<item>
		<title>Les chauves-souris vampires courent sur de petits tapis roulants pour révéler comment elles métabolisent le sang</title>
		<link>/les-chauves-souris-vampires-courent-sur-de-petits-tapis-roulants-pour-reveler-comment-elles-metabolisent-le-sang/</link>
					<comments>/les-chauves-souris-vampires-courent-sur-de-petits-tapis-roulants-pour-reveler-comment-elles-metabolisent-le-sang/#respond</comments>
		
		<dc:creator><![CDATA[ApkF]]></dc:creator>
		<pubDate>Sun, 08 Dec 2024 17:56:30 +0000</pubDate>
				<category><![CDATA[Nature]]></category>
		<guid isPermaLink="false">/?p=105</guid>

					<description><![CDATA[<p>Si vous vous êtes déjà dit : « J&#8217;aimerais bien voir des chauves-souris vampires sur des tapis roulants », alors nous avons la science qu&#8217;il vous faut. C&#8217;est exactement ce qu&#8217;une équipe de scientifiques a fait, et ce n&#8217;est pas parce que le petit Vladimir avait besoin de faire ses pas de chiroptère. Au contraire, la nouvelle &#8230;</p>
<p>L’article <a href="/les-chauves-souris-vampires-courent-sur-de-petits-tapis-roulants-pour-reveler-comment-elles-metabolisent-le-sang/">Les chauves-souris vampires courent sur de petits tapis roulants pour révéler comment elles métabolisent le sang</a> est apparu en premier sur <a href="/">pense</a>.</p>
]]></description>
										<content:encoded><![CDATA[<p data-sourcepos="5:1-5:296">Si vous vous êtes déjà dit : « J&rsquo;aimerais bien voir des chauves-souris vampires sur des tapis roulants », alors nous avons la science qu&rsquo;il vous faut. C&rsquo;est exactement ce qu&rsquo;une équipe de scientifiques a fait, et ce n&rsquo;est pas parce que le petit Vladimir avait besoin de faire ses pas de chiroptère.</p>
<p data-sourcepos="7:1-7:237">Au contraire, la nouvelle recherche révèle comment les chauves-souris vampires (Desmodus rotundus) tirent le meilleur parti de leur principale source de nourriture : le sang qu&rsquo;elles sirotent sur les mammifères dont elles se nourrissent.</p>
<p data-sourcepos="9:1-9:288">Fait fascinant, les résultats montrent une aptitude au métabolisme des acides aminés contenus dans le sang qu&rsquo;elles mangent. De plus, cela ne leur prend pas longtemps. Une chauve-souris vampire peut galoper joyeusement, alimentée par un repas de sang consommé quelques minutes auparavant.</p>
<p data-sourcepos="11:1-11:108">Swiggity swooty ! Un mâle chauve-souris vampire sur le tapis roulant à 10 mètres par seconde. (Price Sewell)</p>
<p data-sourcepos="13:1-13:325">Cela fait de la chauve-souris vampire un animal très inhabituel, car la plupart des vertébrés dépendent principalement du métabolisme des glucides et des lipides pour produire de l&rsquo;énergie. Mais cette capacité semble exister ailleurs dans le règne animal, chez les animaux invertébrés, comme les mouches tsé-tsé hématophages.</p>
<p data-sourcepos="15:1-15:386">Il est bien établi que, chez les mammifères, l&rsquo;exercice aérobie de faible intensité est principalement alimenté par les lipides. À mesure que l&rsquo;intensité de l&rsquo;exercice augmente, la dépendance aux glucides comme carburant augmente également. Ces sources de carburant sont oxydées pour générer de l&rsquo;adénosine triphosphate (ATP), la molécule qui fournit de l&rsquo;énergie aux cellules vivantes.</p>
<p data-sourcepos="17:1-17:346">La façon exacte dont une chauve-souris vampire génère de l&rsquo;ATP à partir de son régime extrêmement riche en protéines n&rsquo;était pas claire. Mais les physiologistes Giulia Rossi de l&rsquo;Université de Toronto et Kenneth Welch de l&rsquo;Université McMaster au Canada ont réalisé qu&rsquo;ils pouvaient utiliser un trait des chauves-souris vampires pour le découvrir.</p>
<p data-sourcepos="19:1-19:554">Contrairement aux autres espèces de chauves-souris, les chauves-souris vampires sont très douées pour courir sur le sol. Ils ont donc pensé qu&rsquo;ils pourraient mettre des chauves-souris sur des tapis roulants qui mesurent leur consommation d&rsquo;oxygène et leur production de dioxyde de carbone pour mesurer leur métabolisme lorsqu&rsquo;elles font de l&rsquo;exercice à différentes intensités. Et, avec les chauves-souris vivant temporairement en laboratoire, les chercheurs pouvaient contrôler leur apport alimentaire pour déterminer comment ce métabolisme fonctionnait.</p>
<p data-sourcepos="21:1-21:518">Ils ont capturé 24 chauves-souris vampires adultes sauvages au Belize et les ont divisées en groupes. Un groupe de neuf chauves-souris a été nourri avec du sang de vache enrichi en leucine, un acide aminé essentiel (que les mammifères ne peuvent pas synthétiser) qui aide à construire et à réparer les muscles chez l&rsquo;homme. Un deuxième groupe de 12 chauves-souris a été nourri avec du sang de vache enrichi en glycine, un acide aminé non essentiel qui aide à construire le collagène et agit comme un neurotransmetteur.</p>
<p data-sourcepos="21:1-21:518"><img decoding="async" src="data:image/gif;base64,R0lGODlhAQABAIAAAAAAAP///ywAAAAAAQABAAACAUwAOw==" fifu-lazy="1" fifu-data-sizes="auto" fifu-data-srcset="https://i0.wp.com/www.sciencealert.com/images/2024/11/swiggityswooty-580x415.jpg?ssl=1&w=75&resize=75&ssl=1 75w, https://i0.wp.com/www.sciencealert.com/images/2024/11/swiggityswooty-580x415.jpg?ssl=1&w=100&resize=100&ssl=1 100w, https://i0.wp.com/www.sciencealert.com/images/2024/11/swiggityswooty-580x415.jpg?ssl=1&w=150&resize=150&ssl=1 150w, https://i0.wp.com/www.sciencealert.com/images/2024/11/swiggityswooty-580x415.jpg?ssl=1&w=240&resize=240&ssl=1 240w, https://i0.wp.com/www.sciencealert.com/images/2024/11/swiggityswooty-580x415.jpg?ssl=1&w=320&resize=320&ssl=1 320w, https://i0.wp.com/www.sciencealert.com/images/2024/11/swiggityswooty-580x415.jpg?ssl=1&w=500&resize=500&ssl=1 500w, https://i0.wp.com/www.sciencealert.com/images/2024/11/swiggityswooty-580x415.jpg?ssl=1&w=640&resize=640&ssl=1 640w, https://i0.wp.com/www.sciencealert.com/images/2024/11/swiggityswooty-580x415.jpg?ssl=1&w=800&resize=800&ssl=1 800w, https://i0.wp.com/www.sciencealert.com/images/2024/11/swiggityswooty-580x415.jpg?ssl=1&w=1024&resize=1024&ssl=1 1024w, https://i0.wp.com/www.sciencealert.com/images/2024/11/swiggityswooty-580x415.jpg?ssl=1&w=1280&resize=1280&ssl=1 1280w, https://i0.wp.com/www.sciencealert.com/images/2024/11/swiggityswooty-580x415.jpg?ssl=1&w=1600&resize=1600&ssl=1 1600w" class="aligncenter" fifu-data-src="https://i0.wp.com/www.sciencealert.com/images/2024/11/swiggityswooty-580x415.jpg?ssl=1" /></p>
<p data-sourcepos="23:1-23:215">En échangeant les carbones ordinaires des acides aminés contre un isotope relativement unique, ils pouvaient suivre ce qui arrivait à l&rsquo;élément lorsque les composés se décomposaient dans le corps des chauves-souris.</p>
<p data-sourcepos="25:1-25:179">Le groupe restant a été nourri avec du sang de vache non enrichi en acides aminés, afin de fournir une base de référence pour la production de CO2 d&rsquo;une chauve-souris en exercice.</p>
<p data-sourcepos="27:1-27:483">Après avoir été nourries, chaque chauve-souris a été placée sur le tapis roulant, spécialement conçu pour cette recherche. Il y avait trois intensités d&rsquo;exercice ; 10 mètres (33 pieds) par minute, 20 mètres par minute et 30 mètres par minute. Le tapis roulant augmentait progressivement jusqu&rsquo;à chaque vitesse cible, et la respiration de la chauve-souris était enregistrée alors qu&rsquo;elle gambadait le long du tapis roulant. À vitesse maximale, il y avait même de petits sauts aériens.</p>
<p data-sourcepos="29:1-29:262">Une fois que les chauves-souris avaient été mises à l&rsquo;épreuve, les chercheurs ont analysé le taux de consommation d&rsquo;oxygène et de production de dioxyde de carbone, dont le rapport est couramment utilisé comme indicateur de l&rsquo;utilisation du carburant métabolique.</p>
<p data-sourcepos="31:1-31:425">Les isotopes ont révélé que la production de CO2 à partir du métabolisme des acides aminés était presque immédiatement présente dans le souffle des chauves-souris sur le tapis roulant. Cela suggère que les animaux utilisaient rapidement et efficacement leurs récents repas protéinés, contrairement aux insectes tels que les moustiques qui mettent plus de temps à métaboliser les acides aminés du sang dont ils se nourrissent.</p>
<p data-sourcepos="33:1-33:60">Un petit saut aérien à 30 mètres par seconde. (Price Sewell)</p>
<p data-sourcepos="35:1-35:251">Fait intéressant, les chauves-souris nourries avec du sang enrichi ne faisaient aucune discrimination entre les acides aminés essentiels et non essentiels. Leurs petits corps tiraient le meilleur parti des ressources fournies, quelles qu&rsquo;elles soient.</p>
<p data-sourcepos="37:1-37:446">« Nos résultats suggèrent que des améliorations majeures du flux à travers ces voies métaboliques et d&rsquo;autres ont évolué chez les chauves-souris vampires comme adaptation pour utiliser efficacement les combustibles ingérés en abondance (c&rsquo;est-à-dire les protéines sanguines et les acides aminés) », écrivent les chercheurs, « marquant un exemple frappant d&rsquo;évolution convergente entre les animaux vertébrés et invertébrés hématophages obligatoires. »</p>
<p data-sourcepos="39:1-39:162">Aucune chauve-souris n&rsquo;a été blessée lors de la réalisation de cette recherche. Ils étaient peut-être un peu plus en forme lors de leur libération dans la nature.</p>
<p>L’article <a href="/les-chauves-souris-vampires-courent-sur-de-petits-tapis-roulants-pour-reveler-comment-elles-metabolisent-le-sang/">Les chauves-souris vampires courent sur de petits tapis roulants pour révéler comment elles métabolisent le sang</a> est apparu en premier sur <a href="/">pense</a>.</p>
]]></content:encoded>
					
					<wfw:commentRss>/les-chauves-souris-vampires-courent-sur-de-petits-tapis-roulants-pour-reveler-comment-elles-metabolisent-le-sang/feed/</wfw:commentRss>
			<slash:comments>0</slash:comments>
		
		
		<media:content url="https://www.sciencealert.com/images/2024/11/BatWalkingOnTreadmillWithTongueOutBrightened.jpg" medium="image"></media:content>
				</item>
		<item>
		<title>Les plantes émettent vraiment des « cris ». Nous ne les avions simplement jamais entendus jusqu&#8217;à maintenant.</title>
		<link>/les-plantes-emettent-vraiment-des-cris-nous-ne-les-avions-simplement-jamais-entendus-jusqua-maintenant/</link>
					<comments>/les-plantes-emettent-vraiment-des-cris-nous-ne-les-avions-simplement-jamais-entendus-jusqua-maintenant/#respond</comments>
		
		<dc:creator><![CDATA[ApkF]]></dc:creator>
		<pubDate>Sun, 08 Dec 2024 17:51:42 +0000</pubDate>
				<category><![CDATA[Nature]]></category>
		<guid isPermaLink="false">/?p=99</guid>

					<description><![CDATA[<p>Il semble que Roald Dahl ait peut-être vu juste : si vous blessez une plante, elle crie. Enfin, en quelque sorte. Pas de la même manière que vous ou moi pourrions crier. Plutôt, elles émettent des bruits de claquement ou de crépitement dans des fréquences ultrasonores, hors de portée de l&#8217;oreille humaine, qui augmentent lorsque &#8230;</p>
<p>L’article <a href="/les-plantes-emettent-vraiment-des-cris-nous-ne-les-avions-simplement-jamais-entendus-jusqua-maintenant/">Les plantes émettent vraiment des « cris ». Nous ne les avions simplement jamais entendus jusqu&rsquo;à maintenant.</a> est apparu en premier sur <a href="/">pense</a>.</p>
]]></description>
										<content:encoded><![CDATA[<p>Il semble que Roald Dahl ait peut-être vu juste : si vous blessez une plante, elle crie.</p>
<p>Enfin, en quelque sorte. Pas de la même manière que vous ou moi pourrions crier. Plutôt, elles émettent des bruits de claquement ou de crépitement dans des fréquences ultrasonores, hors de portée de l&rsquo;oreille humaine, qui augmentent lorsque la plante est stressée.</p>
<p>Selon une étude publiée en 2023, cela pourrait être l&rsquo;un des moyens par lesquels les plantes communiquent leur détresse à leur environnement.</p>
<p>« Même dans un champ silencieux, il existe en réalité des sons que nous n’entendons pas, et ces sons véhiculent des informations. Il y a des animaux qui peuvent entendre ces sons, il est donc possible qu&rsquo;il y ait beaucoup d&rsquo;interactions acoustiques en cours », explique Lilach Hadany, biologiste de l&rsquo;évolution à l&rsquo;Université de Tel-Aviv en Israël.</p>
<p>« Les plantes interagissent en permanence avec les insectes et d’autres animaux, et bon nombre de ces organismes utilisent le son pour communiquer. Ce serait donc très peu optimal que les plantes n’utilisent pas le son du tout. »</p>
<hr />
<p><strong>Une chenille mangeant une feuille</strong><br />
Les plantes réagissent aux dommages d’une manière que nous commençons à peine à comprendre. (Westend61/Getty Images)<br />
Les plantes stressées ne sont pas aussi passives qu&rsquo;on pourrait le croire. Elles subissent des changements assez spectaculaires, dont l’un des plus détectables (pour nous, les humains du moins) est la libération d’arômes puissants. Elles peuvent également modifier leur couleur et leur forme.</p>
<p>Ces changements peuvent signaler un danger aux plantes voisines, qui renforcent alors leurs propres défenses ; ou encore attirer des animaux pour gérer les nuisibles qui pourraient endommager la plante.</p>
<p>Cependant, la question de savoir si les plantes émettent d’autres types de signaux – comme des sons – n’a pas été pleinement explorée. Il y a quelques années, Hadany et ses collègues ont découvert que les plantes peuvent détecter les sons. La question logique suivante était de savoir si elles peuvent également en produire.</p>
<p>Pour le savoir, ils ont enregistré des plants de tomates et de tabac dans différentes conditions. Tout d’abord, ils ont enregistré des plantes non stressées pour établir une base de référence. Ensuite, ils ont enregistré des plantes déshydratées et des plantes dont les tiges avaient été coupées. Ces enregistrements ont été effectués d’abord dans une chambre acoustique insonorisée, puis dans une serre normale.</p>
<p>Ils ont ensuite entraîné un algorithme d’apprentissage automatique à différencier les sons produits par des plantes non stressées, des plantes coupées et des plantes déshydratées.</p>
<hr />
<p>Les sons émis par les plantes ressemblent à des claquements ou des crépitements dans une fréquence trop aiguë pour être perçue par l’humain, détectables dans un rayon de plus d’un mètre. Les plantes non stressées ne font pratiquement aucun bruit ; elles se contentent de « faire leur vie de plante » en silence.</p>
<p>En revanche, les plantes stressées sont bien plus bruyantes, émettant en moyenne jusqu’à 40 claquements par heure selon les espèces. Les plantes privées d’eau ont un profil sonore distinct. Elles commencent à claquer davantage avant de montrer des signes visibles de déshydratation, ces claquements augmentant à mesure que la plante devient plus sèche, avant de diminuer lorsque la plante se flétrit.</p>
<p>L’algorithme a pu distinguer ces sons, ainsi que l’espèce de plante qui les émettait. Et ce ne sont pas seulement les tomates et le tabac. L’équipe a testé diverses plantes et découvert que la production sonore semble être une activité assez courante chez les plantes. Le blé, le maïs, la vigne, le cactus et la lamier (henbit) ont tous été enregistrés en train de produire du bruit.</p>
<hr />
<p>Mais il reste encore quelques inconnues. Par exemple, on ne sait pas exactement comment ces sons sont produits. Dans des recherches précédentes, on a constaté que les plantes déshydratées subissent une cavitation, un processus où des bulles d’air se forment, s&rsquo;étendent et éclatent dans la tige. Cela produit un claquement audible chez l’humain lorsqu’on se craque les doigts ; quelque chose de similaire pourrait se produire chez les plantes.</p>
<p>Nous ne savons pas encore si d’autres conditions de détresse peuvent induire ces sons. Les pathogènes, les attaques, l’exposition aux UV, les températures extrêmes et d’autres conditions défavorables pourraient également inciter les plantes à produire ces bruits, un peu comme du papier bulle.</p>
<p>On ignore aussi si la production sonore est une adaptation évolutive des plantes ou si c’est simplement un phénomène aléatoire. Cependant, l’équipe a montré qu’un algorithme pouvait apprendre à identifier et distinguer ces sons. Il est tout à fait possible que d’autres organismes aient fait de même.</p>
<p>Ces organismes pourraient également avoir appris à répondre aux bruits des plantes stressées de différentes manières.</p>
<p>« Par exemple, un papillon de nuit qui souhaite pondre des œufs sur une plante ou un animal qui prévoit de manger une plante pourrait utiliser ces sons pour orienter sa décision », a déclaré Hadany.</p>
<p>Pour nous, humains, les implications sont assez claires : nous pourrions nous accorder sur les appels de détresse des plantes assoiffées et les arroser avant qu’elles ne souffrent trop.</p>
<p>Mais savoir si d’autres plantes perçoivent et répondent reste inconnu. Des recherches antérieures ont montré que les plantes peuvent augmenter leur tolérance à la sécheresse en réponse au son, donc cela reste plausible. Et c’est dans cette direction que l’équipe oriente la prochaine étape de ses recherches.</p>
<p>« Maintenant que nous savons que les plantes émettent des sons, la prochaine question est : qui pourrait les écouter ? » a déclaré Hadany.</p>
<p>« Nous étudions actuellement les réactions d’autres organismes, animaux et plantes, à ces sons, et explorons également notre capacité à identifier et interpréter ces sons dans des environnements entièrement naturels. »</p>
<p>L’article <a href="/les-plantes-emettent-vraiment-des-cris-nous-ne-les-avions-simplement-jamais-entendus-jusqua-maintenant/">Les plantes émettent vraiment des « cris ». Nous ne les avions simplement jamais entendus jusqu&rsquo;à maintenant.</a> est apparu en premier sur <a href="/">pense</a>.</p>
]]></content:encoded>
					
					<wfw:commentRss>/les-plantes-emettent-vraiment-des-cris-nous-ne-les-avions-simplement-jamais-entendus-jusqua-maintenant/feed/</wfw:commentRss>
			<slash:comments>0</slash:comments>
		
		
		<media:content url="https://www.sciencealert.com/images/2023/03/ShearsCutPlantStem.jpg" medium="image"></media:content>
				</item>
		<item>
		<title>Une espèce animale a une tolérance à l&#8217;alcool incroyablement élevée</title>
		<link>/une-espece-animale-a-une-tolerance-a-lalcool-incroyablement-elevee/</link>
					<comments>/une-espece-animale-a-une-tolerance-a-lalcool-incroyablement-elevee/#respond</comments>
		
		<dc:creator><![CDATA[ApkF]]></dc:creator>
		<pubDate>Sun, 08 Dec 2024 15:02:20 +0000</pubDate>
				<category><![CDATA[Nature]]></category>
		<guid isPermaLink="false">/?p=52</guid>

					<description><![CDATA[<p>Le frelon oriental (Vespa orientalis) n&#8217;a pas à s&#8217;inquiéter de désigner un conducteur désigné lors d&#8217;une sortie de guêpes, ni de se remettre d&#8217;une gueule de bois le matin. Une nouvelle étude identifie cette espèce comme le seul animal connu qui ne puisse pas s&#8217;enivrer d&#8217;alcool. Les guêpes consomment naturellement de l&#8217;éthanol (l&#8217;ingrédient des boissons &#8230;</p>
<p>L’article <a href="/une-espece-animale-a-une-tolerance-a-lalcool-incroyablement-elevee/">Une espèce animale a une tolérance à l&rsquo;alcool incroyablement élevée</a> est apparu en premier sur <a href="/">pense</a>.</p>
]]></description>
										<content:encoded><![CDATA[<p data-sourcepos="5:1-5:278">Le frelon oriental (Vespa orientalis) n&rsquo;a pas à s&rsquo;inquiéter de désigner un conducteur désigné lors d&rsquo;une sortie de guêpes, ni de se remettre d&rsquo;une gueule de bois le matin. Une nouvelle étude identifie cette espèce comme le seul animal connu qui ne puisse pas s&rsquo;enivrer d&rsquo;alcool.</p>
<p data-sourcepos="7:1-7:348">Les guêpes consomment naturellement de l&rsquo;éthanol (l&rsquo;ingrédient des boissons alcoolisées qui vous fait s&rsquo;enivrer) dans le cadre d&rsquo;un régime alimentaire qui comprend du nectar et des fruits. Bien que leur attirance pour les boissons alcoolisées préparées par nous soit bien documentée, leur relation avec l&rsquo;alcool naturellement fermenté est inconnue.</p>
<p data-sourcepos="9:1-9:422">Des chercheurs de l&rsquo;Université de Tel Aviv en Israël ont utilisé V. orientalis comme animal modèle pour tester les effets de l&rsquo;éthanol sur les guêpes. Après avoir nourri les insectes avec une solution de saccharose contenant des concentrations d&rsquo;éthanol allant jusqu&rsquo;à 80 %, les chercheurs n&rsquo;ont observé aucun effet négatif sur la durée de vie ou le comportement des frelons, y compris leur capacité à construire des nids.</p>
<p data-sourcepos="11:1-11:170">En marquant l&rsquo;alcool avec un isotope du carbone, l&rsquo;équipe a pu cartographier les changements du composé au fur et à mesure qu&rsquo;il était traité à l&rsquo;intérieur de leur corps.</p>
<p data-sourcepos="13:1-13:275">« Au fur et à mesure que l&rsquo;alcool est métabolisé, il se décompose en dioxyde de carbone, qui est exhalé », explique le zoologiste Sofia Bouchebti. « En mesurant la quantité de dioxyde de carbone marqué émis, nous avons pu estimer la vitesse à laquelle l&rsquo;alcool était décomposé. »</p>
<p data-sourcepos="15:1-15:279">Le métabolisme des frelons a traité l&rsquo;alcool très rapidement, le décomposant avant qu&rsquo;il n&rsquo;ait la chance de leur faire montrer des signes équivalents à ceux des insectes titubant dans la gouttière, vomissant sur eux-mêmes ou appelant un ex-partenaire aux petites heures du matin.</p>
<p data-sourcepos="17:1-17:194">Les chercheurs pensent que cela peut être dû au fait que les frelons orientaux possèdent plusieurs copies du gène de l&rsquo;alcool déshydrogénase (NADP+), qui produit l&rsquo;enzyme qui décompose l&rsquo;alcool.</p>
<p data-sourcepos="19:1-19:382">Les insectes ont également une histoire co-évolutive intéressante avec la levure, transportant la levure de bière (Saccharomyces cerevisiae) dans leur système digestif, avant de la transmettre aux fruits. En tant que producteurs d&rsquo;alcool, la levure de bière transportée peut avoir fourni aux guêpes une incitation évolutive supplémentaire à développer leur tolérance à la substance.</p>
<p data-sourcepos="21:1-21:155">« Les résultats ont été très surprenants ; nous avons été étonnés de voir la rapidité avec laquelle les frelons métabolisaient l&rsquo;alcool », déclare Bouchebti.</p>
<p data-sourcepos="23:1-23:159">Les ptilocerques consomment une quantité relativement élevée d&rsquo;alcool, mais contrairement aux guêpes, ils en sont affectés. (3268zauber/Wikipedia/CC BY-SA 3.0)</p>
<p data-sourcepos="25:1-25:295">Même les animaux qui peuvent gérer leur consommation d&rsquo;alcool &#8211; comme le ptilocerque à queue plumeuse (Ptilocercus lowii), par exemple &#8211; ne le font que jusqu&rsquo;à certaines concentrations. Mettez ces buveurs sur des alcools forts et les effets négatifs sur la santé se manifestent assez rapidement.</p>
<p data-sourcepos="27:1-27:250">Bien que des études comme celle-ci nous en apprennent davantage sur le fonctionnement complexe du règne animal, elles sont également extrêmement utiles pour fournir des modèles de recherche sur la consommation et la tolérance à l&rsquo;alcool chez l&rsquo;homme.</p>
<p data-sourcepos="29:1-29:268">Les auteurs espèrent que leurs travaux pourront faire progresser la compréhension de nos propres habitudes de consommation d&rsquo;alcool et des moyens de prévenir les décès liés à la consommation d&rsquo;alcool, qui sont actuellement liés à 5,3 % de tous les décès dans le monde.</p>
<p data-sourcepos="31:1-31:235">« Nous pensons qu&rsquo;à la suite de nos recherches, les frelons orientaux pourraient potentiellement être utilisés pour développer de nouveaux modèles d&rsquo;étude de l&rsquo;alcoolisme et du métabolisme de l&rsquo;alcool », déclare le zoologiste Eran Levin.</p>
<p>L’article <a href="/une-espece-animale-a-une-tolerance-a-lalcool-incroyablement-elevee/">Une espèce animale a une tolérance à l&rsquo;alcool incroyablement élevée</a> est apparu en premier sur <a href="/">pense</a>.</p>
]]></content:encoded>
					
					<wfw:commentRss>/une-espece-animale-a-une-tolerance-a-lalcool-incroyablement-elevee/feed/</wfw:commentRss>
			<slash:comments>0</slash:comments>
		
		
		<media:content url="https://www.sciencealert.com/images/2024/10/OrientalHornets.jpg" medium="image"></media:content>
				</item>
	</channel>
</rss>
