<?xml version="1.0" encoding="UTF-8"?><rss version="2.0"
	xmlns:media="http://search.yahoo.com/mrss/"
	xmlns:content="http://purl.org/rss/1.0/modules/content/"
	xmlns:dc="http://purl.org/dc/elements/1.1/"
	xmlns:atom="http://www.w3.org/2005/Atom"
	xmlns:sy="http://purl.org/rss/1.0/modules/syndication/"
	
	>
<channel>
	<title>
	Commentaires sur : Les experts s&#8217;inquiètent du fait que des médicaments comme l&#8217;Ozempic pourraient entraîner une perte musculaire	</title>
	<atom:link href="/les-experts-sinquietent-du-fait-que-des-medicaments-comme-lozempic-pourraient-entrainer-une-perte-musculaire/feed/" rel="self" type="application/rss+xml" />
	<link>/les-experts-sinquietent-du-fait-que-des-medicaments-comme-lozempic-pourraient-entrainer-une-perte-musculaire/</link>
	<description></description>
	<lastBuildDate>Mon, 09 Dec 2024 09:07:32 +0000</lastBuildDate>
	<sy:updatePeriod>
	hourly	</sy:updatePeriod>
	<sy:updateFrequency>
	1	</sy:updateFrequency>
	<generator>https://wordpress.org/?v=6.7.1</generator>
</channel>
</rss>
