<?xml version="1.0" encoding="UTF-8"?><rss version="2.0"
	xmlns:media="http://search.yahoo.com/mrss/"
	xmlns:content="http://purl.org/rss/1.0/modules/content/"
	xmlns:wfw="http://wellformedweb.org/CommentAPI/"
	xmlns:dc="http://purl.org/dc/elements/1.1/"
	xmlns:atom="http://www.w3.org/2005/Atom"
	xmlns:sy="http://purl.org/rss/1.0/modules/syndication/"
	xmlns:slash="http://purl.org/rss/1.0/modules/slash/"
	>

<channel>
	<title>Archives des Non classé - pense</title>
	<atom:link href="/category/non-classe/feed/" rel="self" type="application/rss+xml" />
	<link>/category/non-classe/</link>
	<description></description>
	<lastBuildDate>Sun, 08 Dec 2024 15:00:52 +0000</lastBuildDate>
	<language>fr-FR</language>
	<sy:updatePeriod>
	hourly	</sy:updatePeriod>
	<sy:updateFrequency>
	1	</sy:updateFrequency>
	<generator>https://wordpress.org/?v=6.7.1</generator>

<image>
	<url>/wp-content/uploads/2024/12/favicon.png</url>
	<title>Archives des Non classé - pense</title>
	<link>/category/non-classe/</link>
	<width>32</width>
	<height>32</height>
</image> 
	<item>
		<title>Le mystère du contrôle neuronal du cerveau vient d&#8217;être résolu</title>
		<link>/le-mystere-du-controle-neuronal-du-cerveau-vient-detre-resolu/</link>
					<comments>/le-mystere-du-controle-neuronal-du-cerveau-vient-detre-resolu/#respond</comments>
		
		<dc:creator><![CDATA[ApkF]]></dc:creator>
		<pubDate>Sun, 08 Dec 2024 15:00:52 +0000</pubDate>
				<category><![CDATA[Non classé]]></category>
		<guid isPermaLink="false">/?p=49</guid>

					<description><![CDATA[<p>Le cerveau est une merveille d&#8217;efficacité, affinée par des milliers d&#8217;années d&#8217;évolution pour s&#8217;adapter et prospérer dans un monde en constante évolution. Pourtant, malgré des décennies de recherche, le mystère de la façon dont le cerveau y parvient est resté insaisissable. Notre nouvelle recherche, publiée dans la revue Cell, révèle comment les neurones &#8211; les &#8230;</p>
<p>L’article <a href="/le-mystere-du-controle-neuronal-du-cerveau-vient-detre-resolu/">Le mystère du contrôle neuronal du cerveau vient d&rsquo;être résolu</a> est apparu en premier sur <a href="/">pense</a>.</p>
]]></description>
										<content:encoded><![CDATA[<p data-sourcepos="5:1-5:31">Le cerveau est une merveille d&rsquo;efficacité, affinée par des milliers d&rsquo;années d&rsquo;évolution pour s&rsquo;adapter et prospérer dans un monde en constante évolution. Pourtant, malgré des décennies de recherche, le mystère de la façon dont le cerveau y parvient est resté insaisissable.</p>
<p data-sourcepos="7:1-7:53">Notre nouvelle recherche, publiée dans la revue Cell, révèle comment les neurones &#8211; les cellules responsables de vos souvenirs d&rsquo;enfance, de vos pensées et de vos émotions &#8211; coordonnent leur activité.</p>
<p data-sourcepos="9:1-9:8">C&rsquo;est un peu comme être un employé dans une entreprise performante. L&rsquo;équilibre entre les compétences individuelles et le travail d&rsquo;équipe est essentiel au succès, mais comment atteindre cet équilibre ?</p>
<p data-sourcepos="11:1-11:174">Il s&rsquo;avère que le secret du cerveau est étonnamment simple : ne consacrer pas plus de la moitié (et pas moins de 40 %) des efforts de chaque cellule aux tâches individuelles.</p>
<p data-sourcepos="13:1-13:63">Où va le reste de l&rsquo;effort ? Vers un travail d&rsquo;équipe évolutif.</p>
<p data-sourcepos="15:1-15:152">Et voici le truc : nous avons trouvé exactement la même structure organisationnelle dans les cerveaux de cinq espèces &#8211; des mouches des fruits et des nématodes aux poissons-zèbres, aux souris et aux singes.</p>
<p data-sourcepos="17:1-17:322">Ces espèces proviennent de différentes branches de l&rsquo;arbre de vie, séparées par plus d&rsquo;un milliard d&rsquo;années d&rsquo;évolution, ce qui suggère que nous avons peut-être découvert un principe fondamental pour un traitement optimisé de l&rsquo;information. Cela offre également de puissantes leçons pour tout système complexe aujourd&rsquo;hui.</p>
<p data-sourcepos="19:1-19:29">Le terrain d&rsquo;entente critique</p>
<p data-sourcepos="21:1-21:176">Notre découverte répond à un débat de longue date sur le cerveau : les neurones agissent-ils comme des joueurs vedettes (chacun hautement spécialisé et efficace) ou priorisent-ils le travail d&rsquo;équipe (assurant le fonctionnement de l&rsquo;ensemble du système même lorsque certains éléments défaillent) ?</p>
<p data-sourcepos="23:1-23:184">Répondre à cette question a été difficile. Jusqu&rsquo;à récemment, les outils de neuroscience étaient limités à l&rsquo;enregistrement de l&rsquo;activité de quelques cellules ou de plusieurs millions.</p>
<p data-sourcepos="25:1-25:206">Ce serait comme essayer de comprendre une entreprise massive en interviewant une poignée d&#8217;employés ou en ne recevant que des résumés de haut niveau des départements. Le terrain d&rsquo;entente critique manquait.</p>
<p data-sourcepos="27:1-27:104">Cependant, grâce aux progrès de l&rsquo;imagerie du calcium, nous pouvons désormais enregistrer les signaux de dizaines de milliers de cellules simultanément. L&rsquo;imagerie du calcium est une méthode qui nous permet d&rsquo;observer l&rsquo;activité neuronale en temps réel en utilisant des capteurs fluorescents qui s&rsquo;allument en fonction des niveaux de calcium dans la cellule.</p>
<p data-sourcepos="29:1-29:193"><span class="animating">En appliquant les connaissances de ma formation en physique pour analyser de vastes ensembles de données,</span> nous avons découvert que l&rsquo;activité cérébrale se déroule selon une hiérarchie fractale.</p>
<p data-sourcepos="31:1-31:170">Les cellules travaillent ensemble pour construire des réseaux plus vastes et coordonnés, créant une organisation où chaque échelle reflète celles du dessus et du dessous.</p>
<p data-sourcepos="33:1-33:28">Cette structure a répondu au débat : le cerveau fait en fait les deux. Il équilibre l&rsquo;individualité et le travail d&rsquo;équipe, et le fait de manière intelligente. Environ la moitié des efforts sont consacrés à la performance « personnelle » alors que les neurones collaborent au sein de réseaux de plus en plus vastes.</p>
<p data-sourcepos="36:1-36:152">Le triangle de Sierpiński est un exemple de fractale, où le même motif se répète à des échelles infinies. (Beojan Stanislaus/Wikimedia Commons/CC BY SA)</p>
<p data-sourcepos="38:1-38:50">Le cerveau peut s&rsquo;adapter rapidement au changement</p>
<p data-sourcepos="40:1-40:216">Pour tester si la structure du cerveau présentait des avantages uniques, nous avons effectué des simulations informatiques, révélant que cette hiérarchie fractale optimise le flux d&rsquo;informations à travers le cerveau.</p>
<p data-sourcepos="42:1-42:296">Il permet au cerveau de faire quelque chose de crucial : s&rsquo;adapter au changement. Il garantit que le cerveau fonctionne efficacement, accomplissant des tâches avec un minimum de ressources tout en restant résilient en maintenant sa fonction même lorsque les neurones déclenchent des faux signaux.</p>
<p data-sourcepos="44:1-44:214">Que vous naviguiez sur un terrain inconnu ou que vous réagissiez à une menace soudaine, votre cerveau traite et agit sur de nouvelles informations rapidement. Les neurones ajustent continuellement leur coordination, gardant le cerveau suffisamment stable pour une pensée profonde, mais suffisamment agile pour répondre à de nouveaux défis.</p>
<p data-sourcepos="46:1-46:147">L&rsquo;organisation multi-échelle que nous avons trouvée permet à différentes stratégies &#8211; ou « codes neuronaux » &#8211; de fonctionner à différentes échelles.</p>
<p data-sourcepos="48:1-48:246">Par exemple, nous avons découvert que le mouvement du poisson-zèbre repose sur le travail en harmonie de nombreux neurones. Cette conception résiliente garantit que la nage se déroule sans heurts, même dans des environnements en évolution rapide.</p>
<p data-sourcepos="50:1-50:108">En revanche, la vision de la souris s&rsquo;adapte à l&rsquo;échelle cellulaire, permettant la précision nécessaire pour extraire des détails fins d&rsquo;une scène. Ici, si quelques neurones manquent des éléments clés d&rsquo;information, toute la perception peut changer &#8211; comme lorsqu&rsquo;une illusion d&rsquo;optique trompe votre cerveau.</p>
<p data-sourcepos="52:1-52:215">Arbre évolutif des espèces analysées dans notre étude, chacune affichant une organisation neuronale fractale qui équilibre efficacité et résilience. MYA : millions d&rsquo;années ; BYA : milliards d&rsquo;années. (Brandon Munn)</p>
<p data-sourcepos="54:1-54:158">Nos résultats révèlent que cette coordination fractale de l&rsquo;activité neuronale se produit sur une vaste étendue évolutive : des vertébrés, dont le dernier ancêtre commun a vécu il y a 450 millions d&rsquo;années, aux invertébrés, datant d&rsquo;un milliard d&rsquo;années.</p>
<p data-sourcepos="56:1-56:292">Cela suggère que les cerveaux ont évolué pour équilibrer efficacité et résilience, permettant un traitement optimisé de l&rsquo;information et une adaptabilité aux nouvelles exigences comportementales. La persistance évolutive suggère que nous avons découvert un principe de conception fondamental.</p>
<p data-sourcepos="58:1-58:25">Un principe fondamental ?</p>
<p data-sourcepos="60:1-60:185">Ce sont des temps passionnants, alors que la physique et les neurosciences continuent d&rsquo;interagir pour découvrir les lois universelles du cerveau, façonnées au fil des éons de sélection naturelle. Des travaux futurs seront nécessaires pour voir comment ces principes pourraient se manifester dans le cerveau humain.</p>
<p data-sourcepos="62:1-62:207">Nos découvertes suggèrent également quelque chose de plus grand : cette simple règle de concentration individuelle et de travail d&rsquo;équipe évolutif pourrait ne pas être seulement une solution pour le cerveau.</p>
<p data-sourcepos="64:1-64:165">Lorsque les éléments sont organisés en réseaux hiérarchisés, les ressources peuvent être partagées efficacement et le système devient robuste face aux perturbations.</p>
<p data-sourcepos="66:1-66:240">Les meilleures entreprises fonctionnent de la même manière &#8211; lorsqu&rsquo;un nouveau défi se présente, les individus peuvent réagir sans attendre d&rsquo;instructions de leur manager, leur permettant de résoudre le problème tout en restant soutenus par l&rsquo;organisation rapidement.</p>
<p data-sourcepos="68:1-68:114">Cela pourrait être un principe universel pour atteindre la résilience et l&rsquo;efficacité dans les systèmes complexes.</p>
<p>L’article <a href="/le-mystere-du-controle-neuronal-du-cerveau-vient-detre-resolu/">Le mystère du contrôle neuronal du cerveau vient d&rsquo;être résolu</a> est apparu en premier sur <a href="/">pense</a>.</p>
]]></content:encoded>
					
					<wfw:commentRss>/le-mystere-du-controle-neuronal-du-cerveau-vient-detre-resolu/feed/</wfw:commentRss>
			<slash:comments>0</slash:comments>
		
		
		<media:content url="https://www.sciencealert.com/images/2024/11/ExampleOfAFractalPatternUnderlyingNaturalPhenomena.jpg" medium="image"></media:content>
				</item>
		<item>
		<title>La détection du cancer du poumon par l&#8217;haleine, une avancée majeure</title>
		<link>/la-detection-du-cancer-du-poumon-par-lhaleine-une-avancee-majeure/</link>
					<comments>/la-detection-du-cancer-du-poumon-par-lhaleine-une-avancee-majeure/#respond</comments>
		
		<dc:creator><![CDATA[ApkF]]></dc:creator>
		<pubDate>Sun, 08 Dec 2024 13:40:08 +0000</pubDate>
				<category><![CDATA[Non classé]]></category>
		<guid isPermaLink="false">/?p=37</guid>

					<description><![CDATA[<p>Des moniteurs ultra-sensibles pourraient un jour avoir la capacité de détecter le cancer du poumon sur l&#8217;haleine d&#8217;une personne. Un test à petite échelle utilisant un appareil prototype a démontré qu&#8217;il pouvait détecter avec précision la différence entre huit personnes en bonne santé et cinq personnes atteintes d&#8217;un cancer du poumon. L&#8217;appareil, construit par une &#8230;</p>
<p>L’article <a href="/la-detection-du-cancer-du-poumon-par-lhaleine-une-avancee-majeure/">La détection du cancer du poumon par l&rsquo;haleine, une avancée majeure</a> est apparu en premier sur <a href="/">pense</a>.</p>
]]></description>
										<content:encoded><![CDATA[<p data-sourcepos="3:1-3:128">Des moniteurs ultra-sensibles pourraient un jour avoir la capacité de détecter le cancer du poumon sur l&rsquo;haleine d&rsquo;une personne.</p>
<p data-sourcepos="5:1-5:206">Un test à petite échelle utilisant un appareil prototype a démontré qu&rsquo;il pouvait détecter avec précision la différence entre huit personnes en bonne santé et cinq personnes atteintes d&rsquo;un cancer du poumon.</p>
<p data-sourcepos="7:1-7:297">L&rsquo;appareil, construit par une équipe dirigée par des chercheurs de l&rsquo;Université du Zhejiang en Chine, recherche le composé isoprène. Des niveaux d&rsquo;isoprène plus bas ont été identifiés comme un indicateur potentiel de cancer du poumon, mais il s&rsquo;agit d&rsquo;un léger changement très difficile à mesurer.</p>
<p data-sourcepos="9:1-9:343">Désormais, nous disposons de la technologie pour le faire, du moins sous forme de preuve de concept. Comme pour la plupart des cancers, plus le cancer du poumon est détecté tôt, meilleures sont les chances de le traiter efficacement &#8211; et il existe ici un potentiel pour un moyen simple, abordable, rapide et non invasif de dépister la maladie.</p>
<p data-sourcepos="11:1-11:284">« Nos travaux non seulement constituent une percée dans le dépistage du cancer à faible coût et non invasif par analyse de l&rsquo;haleine, mais font également progresser la conception rationnelle de matériaux de détection de gaz de pointe », écrivent les chercheurs dans leur article publié.</p>
<p data-sourcepos="13:1-13:306">Pour atteindre la sensibilité requise dans leur moniteur de respiration, les chercheurs ont utilisé des nanoflacons fabriqués à partir d&rsquo;une combinaison de platine, d&rsquo;indium, de nickel et d&rsquo;oxygène. Lorsque l&rsquo;isoprène frappe les nanoflacons, un dégagement d&rsquo;électrons est déclenché d&rsquo;une manière mesurable.</p>
<p data-sourcepos="15:1-15:429">Le résultat final était un capteur capable de détecter des niveaux d&rsquo;isoprène aussi bas que 2 ppb (parties par milliard) &#8211; une amélioration notable par rapport à la technologie existante. Sur les 13 personnes testées, les cinq atteintes d&rsquo;un cancer du poumon présentaient des niveaux d&rsquo;isoprène inférieurs à 40 ppb dans leur haleine, tandis que dans le groupe de huit personnes en bonne santé, le niveau était supérieur à 60 ppb.</p>
<p data-sourcepos="17:1-17:404">De manière impressionnante, lors de tests en laboratoire, il a été démontré que les nanoflacons étaient capables d&rsquo;identifier spécifiquement l&rsquo;isoprène parmi d&rsquo;autres produits chimiques. Ils peuvent également fonctionner dans des conditions d&rsquo;humidité plus élevée, ce qui est essentiel pour un moniteur de respiration. Cependant, même les chercheurs admettent qu&rsquo;il y a encore un long chemin à parcourir.</p>
<p data-sourcepos="19:1-19:379">« Pour cibler le marché important du diagnostic du cancer du poumon, la commercialisation future de la technologie nécessite des recherches continues sur les matériaux de détection, la relation précise entre l&rsquo;isoprène respiratoire et le cancer du poumon, les algorithmes d&rsquo;analyse de données et les techniques d&rsquo;intégration avec des appareils portables », écrivent les chercheurs.</p>
<p data-sourcepos="21:1-21:244">Les dommages causés par le cancer du poumon affectent certains des processus métaboliques clés du corps, et on pense que ces changements affectent d&rsquo;une manière ou d&rsquo;une autre l&rsquo;isoprène d&rsquo;une manière qui peut révéler la présence de la maladie.</p>
<p data-sourcepos="23:1-23:356">Le cancer du poumon est la principale cause de décès liés au cancer dans le monde &#8211; principalement dû au tabagisme &#8211; et était responsable d&rsquo;environ 1,8 million de décès en 2020. C&rsquo;est également l&rsquo;un des cancers qui est souvent détecté à un stade avancé, lorsque les traitements sont moins efficaces, rendant les études de ce type particulièrement urgentes.</p>
<p data-sourcepos="25:1-25:277">« Des recherches continues sur la relation entre les niveaux d&rsquo;isoprène respiratoire et le cancer du poumon, ainsi que sur les divers facteurs d&rsquo;influence (âge, état de santé, etc.), peuvent aider à affiner et à commercialiser davantage la technologie », écrivent les chercheurs.</p>
<p>L’article <a href="/la-detection-du-cancer-du-poumon-par-lhaleine-une-avancee-majeure/">La détection du cancer du poumon par l&rsquo;haleine, une avancée majeure</a> est apparu en premier sur <a href="/">pense</a>.</p>
]]></content:encoded>
					
					<wfw:commentRss>/la-detection-du-cancer-du-poumon-par-lhaleine-une-avancee-majeure/feed/</wfw:commentRss>
			<slash:comments>0</slash:comments>
		
		
		<media:content url="https://www.sciencealert.com/images/2024/11/WomanExhalesOntoHand.jpg" medium="image"></media:content>
				</item>
		<item>
		<title>Se coller la bouche avec du ruban adhésif pour traiter l&#8217;apnée du sommeil n&#8217;est pas une bonne idée</title>
		<link>/se-coller-la-bouche-avec-du-ruban-adhesif-pour-traiter-lapnee-du-sommeil-nest-pas-une-bonne-idee/</link>
					<comments>/se-coller-la-bouche-avec-du-ruban-adhesif-pour-traiter-lapnee-du-sommeil-nest-pas-une-bonne-idee/#respond</comments>
		
		<dc:creator><![CDATA[ApkF]]></dc:creator>
		<pubDate>Sun, 08 Dec 2024 13:39:05 +0000</pubDate>
				<category><![CDATA[Non classé]]></category>
		<guid isPermaLink="false">/?p=34</guid>

					<description><![CDATA[<p>Une mauvaise alimentation et une vie sédentaire sont des causes bien connues de maladies cardiaques et d&#8217;accidents vasculaires cérébraux. Mais l&#8217;apnée du sommeil, où les personnes cessent temporairement de respirer pendant leur sommeil parce que leurs voies respiratoires s&#8217;effondrent, est également un facteur de risque majeur de maladie cardiovasculaire. Bien que les solutions pour une &#8230;</p>
<p>L’article <a href="/se-coller-la-bouche-avec-du-ruban-adhesif-pour-traiter-lapnee-du-sommeil-nest-pas-une-bonne-idee/">Se coller la bouche avec du ruban adhésif pour traiter l&rsquo;apnée du sommeil n&rsquo;est pas une bonne idée</a> est apparu en premier sur <a href="/">pense</a>.</p>
]]></description>
										<content:encoded><![CDATA[<p data-sourcepos="3:1-3:356">Une mauvaise alimentation et une vie sédentaire sont des causes bien connues de maladies cardiaques et d&rsquo;accidents vasculaires cérébraux. Mais l&rsquo;apnée du sommeil, où les personnes cessent temporairement de respirer pendant leur sommeil parce que leurs voies respiratoires s&rsquo;effondrent, est également un facteur de risque majeur de maladie cardiovasculaire.</p>
<p data-sourcepos="5:1-5:310">Bien que les solutions pour une mauvaise alimentation et un manque d&rsquo;exercice soient claires, les solutions pour l&rsquo;apnée du sommeil sont moins claires. Il existe des machines Cpap (pression positive continue des voies aériennes) coûteuses et difficiles à gérer qui vous aident à respirer pendant votre sommeil.</p>
<p data-sourcepos="7:1-7:244">Et il existe des « dispositifs d&rsquo;avancement mandibulaire » qui s&rsquo;adaptent dans votre bouche et poussent votre mâchoire et votre langue vers l&rsquo;avant pour garder vos voies respiratoires ouvertes pendant le sommeil. Les deux ont leurs inconvénients.</p>
<p data-sourcepos="9:1-9:248">Les dispositifs d&rsquo;avancement mandibulaire, qui ressemblent un peu à un protège-dents, aident à maintenir vos voies respiratoires ouvertes et sont efficaces pour réduire ou éliminer les symptômes de l&rsquo;apnée du sommeil, tels que la somnolence diurne.</p>
<p data-sourcepos="11:1-11:342">Cependant, ils peuvent être inconfortables dans les premières semaines d&rsquo;utilisation, provoquant des salivations, une bouche sèche et des douleurs à la mâchoire, aux dents et aux gencives. Et ils doivent être surveillés à long terme car ils peuvent provoquer des changements de l&rsquo;occlusion, ce qui peut nécessiter un traitement orthodontique.</p>
<p data-sourcepos="13:1-13:213">Les appareils fonctionnent bien pour les personnes souffrant d&rsquo;apnée du sommeil légère ou modérée, mais moins bien pour les personnes âgées, les personnes obèses et celles souffrant d&rsquo;apnée du sommeil plus sévère.</p>
<p data-sourcepos="15:1-15:371">Le Cpap est le traitement de référence et est utilisé depuis plus de 40 ans. L&rsquo;utilisateur attache un masque à sa bouche ou à son nez à travers lequel l&rsquo;air est pompé. Cependant, peu de gens sont capables de supporter ce traitement sur le long terme. Une étude a montré qu&rsquo;en trois ans, environ la moitié des patients prescrits ces machines avaient cessé de les utiliser.</p>
<p data-sourcepos="17:1-17:138">Il n&rsquo;est pas surprenant que les gens soient à la recherche de solutions moins chères, moins invasives et moins encombrantes à ce problème.</p>
<p data-sourcepos="19:1-19:66">Les fans du « ruban adhésif buccal » prétendent avoir la solution.</p>
<p data-sourcepos="21:1-21:228">Le ruban adhésif buccal est exactement ce que son nom indique. Vous vous collez la bouche avec du ruban adhésif, ce qui vous oblige à respirer par le nez, réduisant ainsi la probabilité d&rsquo;un effondrement des voies respiratoires.</p>
<p data-sourcepos="23:1-23:348">Les partisans du ruban adhésif buccal recommandent généralement d&rsquo;utiliser un ruban adhésif spécial respirant, tel qu&rsquo;un ruban adhésif médical &#8211; plutôt que, disons, du ruban adhésif, du ruban adhésif de masquage ou du ruban adhésif gaffer. Et le ruban adhésif est généralement appliqué verticalement, de sorte qu&rsquo;il ne recouvre pas toute la bouche.</p>
<p data-sourcepos="25:1-25:45">Pas le remède miracle que les gens espéraient</p>
<p data-sourcepos="27:1-27:384">Une étude récente a montré que le ruban adhésif buccal, tel que mimé par la fermeture de la bouche chez les personnes souffrant d&rsquo;apnée du sommeil, n&rsquo;est peut-être pas le remède miracle que beaucoup espéraient. Bien qu&rsquo;il ait augmenté le débit d&rsquo;air chez certains participants, il l&rsquo;a réduit chez d&rsquo;autres. Le ruban adhésif buccal n&rsquo;est donc certainement pas une solution universelle.</p>
<p data-sourcepos="29:1-29:287">Quelques autres études sur le ruban adhésif buccal ont montré qu&rsquo;il pouvait offrir certains avantages. Cependant, ceux-ci, comme l&rsquo;étude plus récente, ne comportent généralement que peu de participants et ont tendance à ne concerner que les personnes souffrant d&rsquo;apnée du sommeil légère.</p>
<p data-sourcepos="31:1-31:371">Un autre problème avec le ruban adhésif buccal est que certaines personnes finissent par expirer par le côté de la bouche où il n&rsquo;y a pas de ruban adhésif &#8211; ce que l&rsquo;on appelle le « gonflement de la bouche ». Cela peut entraîner une insuffisance d&rsquo;oxygène dans le sang et potentiellement trop de dioxyde de carbone, ce qui peut faire entrer le corps dans un état de stress.</p>
<p data-sourcepos="33:1-33:222">Il existe également des preuves que les symptômes de l&rsquo;apnée du sommeil, tels que le ronflement et la réduction du diamètre des voies respiratoires, s&rsquo;aggravent chez environ un tiers des personnes qui se collent la bouche.</p>
<p data-sourcepos="35:1-35:319">Porter du ruban adhésif autour de la bouche peut également provoquer une irritation. La peau autour de la bouche est l&rsquo;une des plus sensibles du corps &#8211; d&rsquo;où le fait qu&rsquo;elle soit une zone érogène. Les lèvres contiennent environ 46 000 fibres nerveuses. (Les bouts des doigts, en comparaison, n&rsquo;en ont que 3 000 chacun.)</p>
<p data-sourcepos="37:1-37:189">L&rsquo;irritation de la peau peut également évoluer vers une dermatite. Il existe également un risque de folliculite, où les follicules pileux autour des lèvres deviennent enflammés ou infectés.</p>
<p data-sourcepos="39:1-39:339">Si vous avez vraiment de la malchance, vous pouvez également subir un arrachement, où des couches de peau se détachent, laissant des couches sous-jacentes plus fraîches plus exposées, augmentant ainsi votre risque d&rsquo;infection et étant très douloureuses. (Même l&rsquo;irritation de quelques-unes de ces 46 000 fibres nerveuses sera douloureuse.)</p>
<p data-sourcepos="41:1-41:271">Plus important encore, cependant, le ruban adhésif buccal peut être dangereux si vous avez d&rsquo;autres infections ou affections respiratoires qui rétrécissent déjà votre trachée, car il peut réduire encore plus votre apport en oxygène et l&rsquo;élimination du dioxyde de carbone.</p>
<p data-sourcepos="43:1-43:300">Se coller la bouche si vous avez passé une nuit difficile ou si vous avez le norovirus, par exemple, pourrait même être mortel. Si vous vomissez et que vous avez la bouche bandée, vous risquez l&rsquo;aspiration (vomissement dans les poumons), ce qui peut provoquer une pneumonie par aspiration ou la mort.</p>
<p data-sourcepos="45:1-45:54">En bref, le ruban adhésif buccal n&rsquo;est pas recommandé.</p>
<p>L’article <a href="/se-coller-la-bouche-avec-du-ruban-adhesif-pour-traiter-lapnee-du-sommeil-nest-pas-une-bonne-idee/">Se coller la bouche avec du ruban adhésif pour traiter l&rsquo;apnée du sommeil n&rsquo;est pas une bonne idée</a> est apparu en premier sur <a href="/">pense</a>.</p>
]]></content:encoded>
					
					<wfw:commentRss>/se-coller-la-bouche-avec-du-ruban-adhesif-pour-traiter-lapnee-du-sommeil-nest-pas-une-bonne-idee/feed/</wfw:commentRss>
			<slash:comments>0</slash:comments>
		
		
		<media:content url="https://www.sciencealert.com/images/2024/11/mouth_taped_shut.jpg" medium="image"></media:content>
				</item>
		<item>
		<title>Une nouvelle piste dans la recherche sur la maladie d&#8217;Alzheimer</title>
		<link>/une-nouvelle-piste-dans-la-recherche-sur-la-maladie-dalzheimer/</link>
					<comments>/une-nouvelle-piste-dans-la-recherche-sur-la-maladie-dalzheimer/#respond</comments>
		
		<dc:creator><![CDATA[ApkF]]></dc:creator>
		<pubDate>Sun, 08 Dec 2024 13:37:31 +0000</pubDate>
				<category><![CDATA[Non classé]]></category>
		<guid isPermaLink="false">/?p=31</guid>

					<description><![CDATA[<p>L&#8217;analyse de tissus cérébraux humains a révélé des différences dans le comportement des cellules immunitaires dans les cerveaux atteints de la maladie d&#8217;Alzheimer par rapport aux cerveaux sains, indiquant une nouvelle cible thérapeutique potentielle. Une recherche dirigée par l&#8217;Université de Washington, publiée en 2023, a découvert que les microglies dans le cerveau des personnes atteintes &#8230;</p>
<p>L’article <a href="/une-nouvelle-piste-dans-la-recherche-sur-la-maladie-dalzheimer/">Une nouvelle piste dans la recherche sur la maladie d&rsquo;Alzheimer</a> est apparu en premier sur <a href="/">pense</a>.</p>
]]></description>
										<content:encoded><![CDATA[<p data-sourcepos="3:1-3:87">L&rsquo;analyse de tissus cérébraux humains a révélé des différences dans le comportement des cellules immunitaires dans les cerveaux atteints de la maladie d&rsquo;Alzheimer par rapport aux cerveaux sains, indiquant une nouvelle cible thérapeutique potentielle.</p>
<p data-sourcepos="5:1-5:136">Une recherche dirigée par l&rsquo;Université de Washington, publiée en 2023, a découvert que les microglies dans le cerveau des personnes atteintes de la maladie d&rsquo;Alzheimer étaient plus fréquemment dans un état pré-inflammatoire, les rendant moins susceptibles d&rsquo;être protectrices.</p>
<p data-sourcepos="7:1-7:9">Les microglies sont des cellules immunitaires qui contribuent à maintenir la santé de notre cerveau en éliminant les déchets et en préservant la fonction cérébrale normale.</p>
<p data-sourcepos="9:1-9:328">En réponse à une infection ou pour éliminer les cellules mortes, ces cellules astucieuses peuvent devenir moins filiformes et plus mobiles pour engloutir les envahisseurs et les déchets. Elles « taillent » également les synapses pendant le développement,<span class="animating"> ce qui aide à façonner les circuits pour que notre cerveau fonctionne bien.</span></p>
<p data-sourcepos="11:1-11:134">On sait moins quel rôle elles jouent dans la maladie d&rsquo;Alzheimer, mais chez les personnes atteintes de cette maladie neurodégénérative dévastatrice, certaines microglies réagissent trop fortement et peuvent provoquer une inflammation qui contribue à la mort des cellules cérébrales.</p>
<p data-sourcepos="13:1-13:141">Malheureusement, les essais cliniques de médicaments anti-inflammatoires pour la maladie d&rsquo;Alzheimer n&rsquo;ont pas montré d&rsquo;effets significatifs.</p>
<p data-sourcepos="15:1-15:310">Pour examiner de plus près le rôle des microglies dans la maladie d&rsquo;Alzheimer, les neuroscientifiques de l&rsquo;Université de Washington, Katherine Prater et Kevin Green, ainsi que leurs collègues de plusieurs institutions américaines, ont utilisé des échantillons d&rsquo;autopsie cérébrale de donneurs de recherche &#8211; 12 atteints d&rsquo;Alzheimer et 10 témoins sains &#8211; pour étudier l&rsquo;activité génétique des microglies.</p>
<p data-sourcepos="17:1-17:284">En utilisant une nouvelle méthode pour améliorer le séquençage de l&rsquo;ARN d&rsquo;un seul noyau, l&rsquo;équipe a pu identifier en profondeur 10 clusters différents de microglies dans le tissu cérébral en fonction de leur ensemble unique d&rsquo;expression génétique, qui indique aux cellules quoi faire.</p>
<p data-sourcepos="19:1-19:168">Trois des clusters n&rsquo;avaient jamais été vus auparavant, et l&rsquo;un d&rsquo;eux était plus fréquent chez les personnes atteintes de la maladie d&rsquo;Alzheimer. Ce type de microglie a des gènes activés qui sont impliqués dans l&rsquo;inflammation et la mort cellulaire.</p>
<p data-sourcepos="21:1-21:206">Dans l&rsquo;ensemble, les chercheurs ont constaté que les clusters de microglies dans le cerveau des personnes atteintes de la maladie d&rsquo;Alzheimer étaient plus susceptibles d&rsquo;être dans un état pré-inflammatoire.</p>
<p data-sourcepos="23:1-23:192">Cela signifie qu&rsquo;ils étaient plus susceptibles de produire des molécules inflammatoires qui peuvent endommager les cellules cérébrales et contribuer à la progression de la maladie d&rsquo;Alzheimer.</p>
<p data-sourcepos="25:1-25:259">Les types de microglies dans le cerveau des personnes atteintes de la maladie d&rsquo;Alzheimer étaient moins susceptibles d&rsquo;être protecteurs, compromettant leur capacité à nettoyer les cellules mortes et les déchets et à promouvoir un vieillissement cérébral sain.</p>
<p data-sourcepos="27:1-27:362">Les scientifiques pensent également que les microglies peuvent changer de type au fil du temps. Ainsi, nous ne pouvons pas simplement regarder le cerveau d&rsquo;une personne et dire avec certitude quel type de microglie elle possède ; suivre l&rsquo;évolution des microglies dans le temps pourrait nous aider à comprendre comment elles contribuent à la maladie d&rsquo;Alzheimer.</p>
<p data-sourcepos="29:1-29:127">« À ce stade, nous ne pouvons pas dire si les microglies causent la pathologie ou si la pathologie fait que ces microglies modifient leur comportement », a déclaré Prater.</p>
<p data-sourcepos="31:1-31:250">Ces recherches en sont encore à leurs débuts, mais elles font progresser notre compréhension du rôle de ces cellules dans la maladie d&rsquo;Alzheimer et suggèrent que certains clusters de microglies pourraient être des cibles pour de nouveaux traitements.</p>
<p data-sourcepos="33:1-33:163">L&rsquo;équipe espère que ses travaux conduiront au développement de nouvelles thérapies qui pourront améliorer la vie des personnes atteintes de la maladie d&rsquo;Alzheimer.</p>
<p data-sourcepos="35:1-35:204">« Maintenant que nous avons déterminé les profils génétiques de ces microglies, nous pouvons essayer de comprendre exactement ce qu&rsquo;elles font et espérons trouver des moyens de modifier leurs comportements qui pourraient contribuer à la maladie d&rsquo;Alzheimer », a déclaré Prater. « Si nous pouvons déterminer ce qu&rsquo;elles font, nous pourrions être en mesure de modifier leur comportement avec des traitements qui pourraient prévenir ou ralentir cette maladie. »</p>
<p data-sourcepos="37:1-38:65">L&rsquo;étude a été publiée dans Nature Aging. Une version antérieure de cet article a été publiée en août 2023.</p>
<p>L’article <a href="/une-nouvelle-piste-dans-la-recherche-sur-la-maladie-dalzheimer/">Une nouvelle piste dans la recherche sur la maladie d&rsquo;Alzheimer</a> est apparu en premier sur <a href="/">pense</a>.</p>
]]></content:encoded>
					
					<wfw:commentRss>/une-nouvelle-piste-dans-la-recherche-sur-la-maladie-dalzheimer/feed/</wfw:commentRss>
			<slash:comments>0</slash:comments>
		
		
		<media:content url="https://www.sciencealert.com/images/2023/08/BrainChangesInAlzheimersNeurons.jpg" medium="image"></media:content>
				</item>
		<item>
		<title>Une première mondiale : une greffe de cellules souches restaure la vision de plusieurs personnes</title>
		<link>/une-premiere-mondiale-une-greffe-de-cellules-souches-restaure-la-vision-de-plusieurs-personnes/</link>
					<comments>/une-premiere-mondiale-une-greffe-de-cellules-souches-restaure-la-vision-de-plusieurs-personnes/#respond</comments>
		
		<dc:creator><![CDATA[ApkF]]></dc:creator>
		<pubDate>Sun, 08 Dec 2024 13:36:16 +0000</pubDate>
				<category><![CDATA[Non classé]]></category>
		<guid isPermaLink="false">/?p=28</guid>

					<description><![CDATA[<p>Une première mondiale : une greffe de cellules souches restaure la vision de plusieurs personnes Une greffe radicale de cellules souches a considérablement amélioré la vision floue de trois personnes souffrant de graves lésions de la cornée. L&#8217;essai clinique, qui a eu lieu au Japon, est le premier du genre au monde et constitue une &#8230;</p>
<p>L’article <a href="/une-premiere-mondiale-une-greffe-de-cellules-souches-restaure-la-vision-de-plusieurs-personnes/">Une première mondiale : une greffe de cellules souches restaure la vision de plusieurs personnes</a> est apparu en premier sur <a href="/">pense</a>.</p>
]]></description>
										<content:encoded><![CDATA[<p data-sourcepos="1:1-1:96">Une première mondiale : une greffe de cellules souches restaure la vision de plusieurs personnes</p>
<p data-sourcepos="3:1-3:144">Une greffe radicale de cellules souches a considérablement amélioré la vision floue de trois personnes souffrant de graves lésions de la cornée.</p>
<p data-sourcepos="5:1-5:157">L&rsquo;essai clinique, qui a eu lieu au Japon, est le premier du genre au monde et constitue une avancée significative pour la recherche sur les cellules souches.</p>
<p data-sourcepos="7:1-7:168">Deux ans après l&rsquo;opération, aucun problème de sécurité sérieux n&rsquo;a été signalé, et de l&rsquo;extérieur, les trois cornées semblent beaucoup plus transparentes qu&rsquo;auparavant.</p>
<p data-sourcepos="9:1-9:189">Quatre participants ont participé à l&rsquo;étude, tous souffrant d&rsquo;un trouble qui provoque l&rsquo;accumulation de tissu cicatriciel sur la cornée, appelé déficit en cellules souches limbiques (LSCD).</p>
<p data-sourcepos="11:1-11:156">Si l&rsquo;on imagine la cornée comme la « fenêtre transparente » à l&rsquo;avant de l&rsquo;œil, alors le limbus est similaire à son cadre, tenant le verre à la boule blanche.</p>
<p data-sourcepos="13:1-13:224">Ce cadre crucial contient également un approvisionnement généreux en cellules souches, prêtes à remplacer toutes les unités usées de la cornée, comme de petits essuie-glaces, gardant le verre dégagé du brouillard avec l&rsquo;âge.</p>
<p data-sourcepos="15:1-15:114">Sans la vigilance de la communauté des cellules souches limbiques, une perte de vision progressive est inévitable.</p>
<p data-sourcepos="17:1-17:300">Aujourd&rsquo;hui, les personnes atteintes de LSCD à un œil peuvent se faire retirer chirurgicalement leur tissu cicatriciel et le remplacer par une tranche de cornée saine de l&rsquo;autre œil. Mais si la perte de cellules souches limbiques s&rsquo;étend aux deux yeux, il faut alors procéder à une greffe de donneur.</p>
<p data-sourcepos="19:1-19:279">Sur les 12,7 millions de personnes qui souffrent de perte de vision liée à la cornée dans le monde, des greffes sont disponibles pour seulement 1 sur 70. Même pour ceux qui reçoivent une greffe, la survie de la greffe est souvent un problème ; il y a toujours un risque de rejet.</p>
<p data-sourcepos="21:1-21:87">C&rsquo;est là qu&rsquo;intervient le potentiel des cellules souches pluripotentes induites (iPSC).</p>
<p data-sourcepos="23:1-23:294">Ces unités tout-puissantes sont converties à partir des cellules de n&rsquo;importe quel corps humain. Une fois reprogrammées à un état embryonnaire, elles se multiplient indéfiniment, avec la capacité de se transformer en n&rsquo;importe quel type de cellule humaine adulte, y compris celles de la cornée.</p>
<p data-sourcepos="25:1-25:191">En 2023, des chercheurs américains ont annoncé avoir utilisé des cellules souches limbiques pour restaurer la vision de deux patients atteints de lésions de la cornée jusqu&rsquo;à un an plus tard.</p>
<p data-sourcepos="27:1-27:206">Désormais, des scientifiques de l&rsquo;hôpital universitaire d&rsquo;Osaka au Japon ont franchi une étape supplémentaire en utilisant des iPSC, dérivées de cellules sanguines humaines saines, pour restaurer la vision.</p>
<p data-sourcepos="29:1-29:287">En laboratoire, les iPSC résultantes ont été incitées à former des feuillets de cellules épithéliales cornéennes (iCEP). Ces feuillets ont ensuite été greffés sur la cornée des patients après ablation du tissu cicatriciel, et une lentille de contact protectrice a été ajoutée par-dessus.</p>
<p data-sourcepos="31:1-31:259">Environ sept mois après la greffe, les quatre patients présentaient des améliorations de leur vision. Un an plus tard, cependant, la vision du patient 4, une femme de 39 ans présentant la perte de vision la plus grave de la cohorte, avait de nouveau régressé.</p>
<p data-sourcepos="33:1-33:144">Les meilleures améliorations de la vision ont été observées chez les patients 1 et 2, une femme de 44 ans et un homme de 66 ans, respectivement.</p>
<p data-sourcepos="35:1-35:245">Les chercheurs soupçonnent que les patients 3 et 4 n&rsquo;ont peut-être pas montré la même amélioration en raison d&rsquo;une réponse immunologique insidieuse à la greffe. Aucun des patients n&rsquo;a reçu de médicaments immunosuppresseurs, à part les stéroïdes.</p>
<p data-sourcepos="37:1-37:379">Les chercheurs ont déjà utilisé des iPSC provenant de la peau d&rsquo;un patient pour restaurer la vision de personnes atteintes de dégénérescence de la macula &#8211; au centre de la rétine &#8211; mais c&rsquo;est la première fois que des scientifiques réalisent une prouesse similaire pour cette autre forme de perte de vision, et sans utiliser de matériaux dérivés des propres cellules des patients.</p>
<p data-sourcepos="39:1-39:238">Bien que ces petits essais soient extrêmement prometteurs, de telles procédures restent hautement expérimentales et potentiellement dangereuses. Il reste encore beaucoup de recherches à faire pour évaluer leur sécurité et leur efficacité.</p>
<p data-sourcepos="41:1-41:324">« À notre connaissance, cette étude fournit la première description de la transplantation de constructions cellulaires dérivées d&rsquo;iPSC dans ou sur la cornée des patients, et elle représente une option de traitement future prometteuse pour les personnes atteintes de LSCD », conclut l&rsquo;équipe de l&rsquo;hôpital universitaire d&rsquo;Osaka.</p>
<p data-sourcepos="43:1-43:107">Ils prévoient maintenant un essai clinique multicentrique pour « s&rsquo;appuyer sur les résultats encourageants ».</p>
<p>L’article <a href="/une-premiere-mondiale-une-greffe-de-cellules-souches-restaure-la-vision-de-plusieurs-personnes/">Une première mondiale : une greffe de cellules souches restaure la vision de plusieurs personnes</a> est apparu en premier sur <a href="/">pense</a>.</p>
]]></content:encoded>
					
					<wfw:commentRss>/une-premiere-mondiale-une-greffe-de-cellules-souches-restaure-la-vision-de-plusieurs-personnes/feed/</wfw:commentRss>
			<slash:comments>0</slash:comments>
		
		
		<media:content url="https://www.sciencealert.com/images/2022-06/processed/EyeLight_1024.jpg" medium="image"></media:content>
				</item>
		<item>
		<title>44 % des coraux d&#8217;eau chaude menacés d&#8217;extinction avec la hausse des températures</title>
		<link>/44-des-coraux-deau-chaude-menaces-dextinction-avec-la-hausse-des-temperatures/</link>
					<comments>/44-des-coraux-deau-chaude-menaces-dextinction-avec-la-hausse-des-temperatures/#respond</comments>
		
		<dc:creator><![CDATA[ApkF]]></dc:creator>
		<pubDate>Sun, 08 Dec 2024 13:35:17 +0000</pubDate>
				<category><![CDATA[Non classé]]></category>
		<guid isPermaLink="false">/?p=25</guid>

					<description><![CDATA[<p>Près de la moitié de toutes les espèces de coraux d&#8217;eau chaude sont menacées d&#8217;extinction, et le changement climatique est le principal coupable, selon un nouveau rapport publié mercredi. L&#8217;évaluation actualisée des risques de l&#8217;Union internationale pour la conservation de la nature (UICN) a été annoncée lors du sommet sur le climat COP29 en Azerbaïdjan, &#8230;</p>
<p>L’article <a href="/44-des-coraux-deau-chaude-menaces-dextinction-avec-la-hausse-des-temperatures/">44 % des coraux d&rsquo;eau chaude menacés d&rsquo;extinction avec la hausse des températures</a> est apparu en premier sur <a href="/">pense</a>.</p>
]]></description>
										<content:encoded><![CDATA[<p data-sourcepos="3:1-3:187">Près de la moitié de toutes les espèces de coraux d&rsquo;eau chaude sont menacées d&rsquo;extinction, et le changement climatique est le principal coupable, selon un nouveau rapport publié mercredi.</p>
<p data-sourcepos="5:1-5:244">L&rsquo;évaluation actualisée des risques de l&rsquo;Union internationale pour la conservation de la nature (UICN) a été annoncée lors du sommet sur le climat COP29 en Azerbaïdjan, qui est ignoré par les dirigeants de nombreuses grandes nations polluantes.</p>
<p data-sourcepos="7:1-7:143">Les océans ont absorbé environ 90 % de l&rsquo;excès de chaleur dans l&rsquo;atmosphère dû au rejet de dioxyde de carbone et d&rsquo;autres gaz à effet de serre.</p>
<p data-sourcepos="9:1-9:254">La hausse des températures océaniques a provoqué des événements de blanchissement massifs dans les récifs coralliens du monde entier, menaçant des écosystèmes cruciaux pour la vie marine ainsi que les moyens de subsistance des personnes qui en dépendent.</p>
<p data-sourcepos="11:1-11:195">L&rsquo;évaluation actualisée de la Liste rouge des espèces menacées de l&rsquo;UICN a examiné les coraux constructeurs de récifs, qui vivent dans des eaux chaudes et peu profondes dans les zones tropicales.</p>
<p data-sourcepos="13:1-13:141">Son analyse a révélé que 892 espèces de coraux constructeurs de récifs sont désormais considérées comme menacées, représentant 44 % du total.</p>
<p data-sourcepos="15:1-15:158">Cela représente une augmentation significative par rapport à la dernière évaluation de 2008, lorsque un tiers de toutes les espèces était classé comme menacé.</p>
<p data-sourcepos="17:1-17:185">L&rsquo;organisation évalue toujours le risque d&rsquo;extinction pour les coraux d&rsquo;eau froide, qui vivent dans des eaux océaniques plus profondes et plus sombres, ce qui rend leur étude difficile.</p>
<p data-sourcepos="19:1-19:153">L&rsquo;UICN a appelé les négociateurs de la conférence COP29 à agir rapidement pour réduire les émissions de combustibles fossiles qui réchauffent la planète.</p>
<p data-sourcepos="21:1-21:388">« Des écosystèmes sains comme les récifs coralliens sont essentiels pour la subsistance humaine &#8211; ils fournissent de la nourriture, stabilisent les côtes et stockent le carbone », a déclaré Grethel Aguilar, chef de l&rsquo;UICN, dans un communiqué. « Le changement climatique reste la principale menace pour les coraux constructeurs de récifs et dévaste les systèmes naturels dont nous dépendons. »</p>
<p data-sourcepos="23:1-23:154">En plus du réchauffement climatique, la pollution, les maladies, la pêche non durable et le ruissellement agricole menacent également les coraux du monde.</p>
<p data-sourcepos="25:1-25:204">La plupart des coraux constructeurs de récifs se trouvent dans la région indo-pacifique, comme la Grande Barrière de Corail australienne qui a subi l&rsquo;un de ses pires événements de blanchiment cette année.</p>
<p data-sourcepos="27:1-27:175">L&rsquo;évaluation actualisée de l&rsquo;UICN comprenait les résultats d&rsquo;une étude sur les coraux constructeurs de récifs dans l&rsquo;océan Atlantique, publiée dans la revue PLOS One mercredi.</p>
<p data-sourcepos="29:1-29:149">Cette étude a révélé qu&rsquo;environ un tiers, soit 23 sur 85, des espèces de coraux de l&rsquo;Atlantique sont en danger critique d&rsquo;extinction, plus que prévu.</p>
<p data-sourcepos="31:1-31:223">Le corail corne de cerf et le corail élan ont été cités en exemple de deux espèces en danger critique d&rsquo;extinction dans les Caraïbes qui ont été durement touchées par le réchauffement des eaux, la pollution et les ouragans.</p>
<p data-sourcepos="33:1-33:303">« Sans des décisions pertinentes de la part de ceux qui ont le pouvoir de changer cette trajectoire, nous assisterons à la perte supplémentaire de récifs et à la disparition progressive des espèces de coraux à des échelles de plus en plus grandes », a averti David Obura, spécialiste des coraux de l&rsquo;UICN.</p>
<p>L’article <a href="/44-des-coraux-deau-chaude-menaces-dextinction-avec-la-hausse-des-temperatures/">44 % des coraux d&rsquo;eau chaude menacés d&rsquo;extinction avec la hausse des températures</a> est apparu en premier sur <a href="/">pense</a>.</p>
]]></content:encoded>
					
					<wfw:commentRss>/44-des-coraux-deau-chaude-menaces-dextinction-avec-la-hausse-des-temperatures/feed/</wfw:commentRss>
			<slash:comments>0</slash:comments>
		
		
		<media:content url="https://www.sciencealert.com/images/2024/11/bleached_coral_upclose.jpg" medium="image"></media:content>
				</item>
		<item>
		<title>Première découverte d&#8217;ambre en Antarctique : une forêt tropicale existait près du pôle Sud</title>
		<link>/premiere-decouverte-dambre-en-antarctique-une-foret-tropicale-existait-pres-du-pole-sud/</link>
					<comments>/premiere-decouverte-dambre-en-antarctique-une-foret-tropicale-existait-pres-du-pole-sud/#respond</comments>
		
		<dc:creator><![CDATA[ApkF]]></dc:creator>
		<pubDate>Sun, 08 Dec 2024 13:34:28 +0000</pubDate>
				<category><![CDATA[Non classé]]></category>
		<guid isPermaLink="false">/?p=22</guid>

					<description><![CDATA[<p>Imagine une machine à remonter le temps qui pourrait vous transporter à l&#8217;époque des dinosaures. Soudain, vous vous retrouvez dans une forêt dense et marécageuse, avec des insectes bourdonnant entre les fleurs, les fougères et les conifères. Croyez-le ou non, vous êtes en Antarctique occidentale. Des scientifiques allemands et britanniques ont maintenant découvert de l&#8217;ambre &#8230;</p>
<p>L’article <a href="/premiere-decouverte-dambre-en-antarctique-une-foret-tropicale-existait-pres-du-pole-sud/">Première découverte d&rsquo;ambre en Antarctique : une forêt tropicale existait près du pôle Sud</a> est apparu en premier sur <a href="/">pense</a>.</p>
]]></description>
										<content:encoded><![CDATA[<p data-sourcepos="3:1-3:241">Imagine une machine à remonter le temps qui pourrait vous transporter à l&rsquo;époque des dinosaures. Soudain, vous vous retrouvez dans une forêt dense et marécageuse, avec des insectes bourdonnant entre les fleurs, les fougères et les conifères.</p>
<p data-sourcepos="5:1-5:55">Croyez-le ou non, vous êtes en Antarctique occidentale.</p>
<p data-sourcepos="7:1-7:264">Des scientifiques allemands et britanniques ont maintenant découvert de l&rsquo;ambre là-bas pour la première fois &#8211; le « sang » fossilisé d&rsquo;anciens conifères qui ont autrefois poussé sur le continent le plus méridional de la Terre il y a entre 83 et 92 millions d&rsquo;années.</p>
<p data-sourcepos="9:1-9:324">Avec les fossiles de racines, de pollen et de spores, l&rsquo;ambre fournit certaines des meilleures preuves à ce jour qu&rsquo;une forêt marécageuse du Crétacé moyen existait près du pôle Sud, et que cet environnement préhistorique était « dominé par les conifères », similaire aux forêts de Nouvelle-Zélande et de Patagonie aujourd&rsquo;hui.</p>
<p data-sourcepos="11:1-11:299">L&rsquo;exhumation de l&rsquo;ambre en Antarctique retire l&rsquo;extérieur glacé actuel du continent pour révéler un ancien habitat autrefois suffisamment chaud et humide pour accueillir des arbres producteurs de résine. Au Crétacé moyen, ces arbres auraient dû survivre pendant des mois d&rsquo;obscurité totale en hiver.</p>
<p data-sourcepos="11:1-11:299"><img decoding="async" src="data:image/gif;base64,R0lGODlhAQABAIAAAAAAAP///ywAAAAAAQABAAACAUwAOw==" fifu-lazy="1" fifu-data-sizes="auto" fifu-data-srcset="https://i2.wp.com/www.sciencealert.com/images/2024/11/csm_Westantarktis_vor_90_Mio_Jahren_J_McKay_klein_ad79cdaf88-642x321.jpg?ssl=1&w=75&resize=75&ssl=1 75w, https://i2.wp.com/www.sciencealert.com/images/2024/11/csm_Westantarktis_vor_90_Mio_Jahren_J_McKay_klein_ad79cdaf88-642x321.jpg?ssl=1&w=100&resize=100&ssl=1 100w, https://i2.wp.com/www.sciencealert.com/images/2024/11/csm_Westantarktis_vor_90_Mio_Jahren_J_McKay_klein_ad79cdaf88-642x321.jpg?ssl=1&w=150&resize=150&ssl=1 150w, https://i2.wp.com/www.sciencealert.com/images/2024/11/csm_Westantarktis_vor_90_Mio_Jahren_J_McKay_klein_ad79cdaf88-642x321.jpg?ssl=1&w=240&resize=240&ssl=1 240w, https://i2.wp.com/www.sciencealert.com/images/2024/11/csm_Westantarktis_vor_90_Mio_Jahren_J_McKay_klein_ad79cdaf88-642x321.jpg?ssl=1&w=320&resize=320&ssl=1 320w, https://i2.wp.com/www.sciencealert.com/images/2024/11/csm_Westantarktis_vor_90_Mio_Jahren_J_McKay_klein_ad79cdaf88-642x321.jpg?ssl=1&w=500&resize=500&ssl=1 500w, https://i2.wp.com/www.sciencealert.com/images/2024/11/csm_Westantarktis_vor_90_Mio_Jahren_J_McKay_klein_ad79cdaf88-642x321.jpg?ssl=1&w=640&resize=640&ssl=1 640w, https://i2.wp.com/www.sciencealert.com/images/2024/11/csm_Westantarktis_vor_90_Mio_Jahren_J_McKay_klein_ad79cdaf88-642x321.jpg?ssl=1&w=800&resize=800&ssl=1 800w, https://i2.wp.com/www.sciencealert.com/images/2024/11/csm_Westantarktis_vor_90_Mio_Jahren_J_McKay_klein_ad79cdaf88-642x321.jpg?ssl=1&w=1024&resize=1024&ssl=1 1024w, https://i2.wp.com/www.sciencealert.com/images/2024/11/csm_Westantarktis_vor_90_Mio_Jahren_J_McKay_klein_ad79cdaf88-642x321.jpg?ssl=1&w=1280&resize=1280&ssl=1 1280w, https://i2.wp.com/www.sciencealert.com/images/2024/11/csm_Westantarktis_vor_90_Mio_Jahren_J_McKay_klein_ad79cdaf88-642x321.jpg?ssl=1&w=1600&resize=1600&ssl=1 1600w" fifu-data-src="https://i2.wp.com/www.sciencealert.com/images/2024/11/csm_Westantarktis_vor_90_Mio_Jahren_J_McKay_klein_ad79cdaf88-642x321.jpg?ssl=1" alt="Artistic Antarctica Cretaceous" /></p>
<p data-sourcepos="13:1-13:97">Mais ils ont clairement survécu. Même s&rsquo;ils devaient rester dormants pendant de longues périodes.</p>
<p data-sourcepos="15:1-15:195">Avant cette découverte, les scientifiques n&rsquo;avaient trouvé de gisements d&rsquo;ambre du Crétacé qu&rsquo;aussi loin au sud que le bassin d&rsquo;Otway en Australie et la formation de Tupuangi en Nouvelle-Zélande.</p>
<p data-sourcepos="17:1-17:522">« C&rsquo;était très excitant de réaliser qu&rsquo;à un certain moment de leur histoire, tous les sept continents avaient des conditions climatiques permettant la survie des arbres producteurs de résine », déclare le géologue marin Johann Klages de l&rsquo;Institut Alfred Wegener en Allemagne. « Notre objectif maintenant est d&rsquo;en apprendre davantage sur l&rsquo;écosystème forestier &#8211; s&rsquo;il a brûlé, si nous pouvons trouver des traces de vie incluses dans l&rsquo;ambre. Cette découverte permet un voyage dans le passé d&rsquo;une manière encore plus directe. »</p>
<p data-sourcepos="19:1-19:390">Les scientifiques ont exhumé du bois et des feuilles fossilisés en Antarctique depuis le début du XIXe siècle, mais nombre de ces découvertes remontent à des centaines de millions d&rsquo;années, lorsque le supercontinent austral Gondwana existait. Alors que l&rsquo;Antarctique dérivait de l&rsquo;Australie et de l&rsquo;Amérique du Sud vers le pôle Sud, on ne sait pas exactement ce qui est arrivé à ses forêts.</p>
<p data-sourcepos="21:1-21:183">En 2017, des chercheurs ont foré le fond marin près de l&rsquo;Antarctique occidentale et ont extrait des preuves exceptionnellement bien préservées de ces habitats perdus depuis longtemps.</p>
<p data-sourcepos="23:1-23:237">Après plusieurs années d&rsquo;analyse, Klages et une équipe de chercheurs ont annoncé en 2020 avoir trouvé un réseau de racines fossilisées datant du Crétacé moyen. Au microscope, ils ont également identifié des traces de pollen et de spores.</p>
<p data-sourcepos="25:1-25:127">Ce même forage a maintenant fourni la preuve concrète que des arbres producteurs de résine existaient autrefois en Antarctique.</p>
<p data-sourcepos="27:1-27:295">Dans une couche de mudstone de 3 mètres de long, Klagen et une nouvelle équipe ont décrit plusieurs petites tranches d&rsquo;ambre translucide, d&rsquo;une taille de seulement 0,5 à 1,0 millimètre. Chacun présente une variation de couleurs jaune à orange avec des fractures festonnées typiques à la surface.</p>
<p data-sourcepos="29:1-29:171">C&rsquo;est un signe d&rsquo;écoulement de résine, qui se produit lorsque de la sève s&rsquo;écoule d&rsquo;un arbre pour sceller l&rsquo;écorce contre les blessures causées par le feu ou les insectes.</p>
<p data-sourcepos="31:1-31:221">Le Crétacé a été l&rsquo;une des périodes les plus chaudes de l&rsquo;histoire de la Terre, et les dépôts volcaniques trouvés en Antarctique et sur les îles voisines montrent des signes de fréquents incendies de forêt à cette époque.</p>
<p data-sourcepos="33:1-33:188">L&rsquo;échantillon de forage provenant de l&rsquo;Antarctique contenait des restes d&rsquo;ambre et de possibles intrusions d&rsquo;écorce, visibles dans le carré rouge. (Klages et al., Antarctic Research, 2024)</p>
<p data-sourcepos="35:1-35:181">L&rsquo;ambre a probablement été préservé et fossilisé car des niveaux d&rsquo;eau élevés ont rapidement recouvert la résine d&rsquo;arbre, la protégeant du rayonnement ultraviolet et de l&rsquo;oxydation.</p>
<p data-sourcepos="37:1-37:147">Il semble même que l&rsquo;ambre contienne de minuscules morceaux d&rsquo;écorce d&rsquo;arbre, mais des analyses supplémentaires sont nécessaires pour le confirmer.</p>
<p data-sourcepos="39:1-39:202">Pièce par pièce minuscule, les scientifiques reconstituent progressivement l&rsquo;image de ce à quoi ressemblaient autrefois les forêts de l&rsquo;Antarctique et de leur fonctionnement il y a 90 millions d&rsquo;années.</p>
<p>L’article <a href="/premiere-decouverte-dambre-en-antarctique-une-foret-tropicale-existait-pres-du-pole-sud/">Première découverte d&rsquo;ambre en Antarctique : une forêt tropicale existait près du pôle Sud</a> est apparu en premier sur <a href="/">pense</a>.</p>
]]></content:encoded>
					
					<wfw:commentRss>/premiere-decouverte-dambre-en-antarctique-une-foret-tropicale-existait-pres-du-pole-sud/feed/</wfw:commentRss>
			<slash:comments>0</slash:comments>
		
		
		<media:content url="https://www.sciencealert.com/images/2024/11/AmberInAntarctica.jpg" medium="image"></media:content>
				</item>
		<item>
		<title>Vos mains pourraient prédire vos habitudes de consommation d&#8217;alcool, suggère une étude</title>
		<link>/vos-mains-pourraient-predire-vos-habitudes-de-consommation-dalcool-suggere-une-etude/</link>
					<comments>/vos-mains-pourraient-predire-vos-habitudes-de-consommation-dalcool-suggere-une-etude/#respond</comments>
		
		<dc:creator><![CDATA[ApkF]]></dc:creator>
		<pubDate>Sun, 08 Dec 2024 13:33:10 +0000</pubDate>
				<category><![CDATA[Non classé]]></category>
		<guid isPermaLink="false">/?p=19</guid>

					<description><![CDATA[<p>Les personnes dont l&#8217;annulaire est plus long que l&#8217;index ont tendance à boire plus d&#8217;alcool, selon de nouvelles recherches. Mais pourquoi est-ce le cas ? La réponse réside dans notre compréhension des différences sexuelles. Certaines différences sexuelles sont influencées par des facteurs sociaux, mais d&#8217;autres trouvent leurs racines dans notre biologie. Il existe des différences &#8230;</p>
<p>L’article <a href="/vos-mains-pourraient-predire-vos-habitudes-de-consommation-dalcool-suggere-une-etude/">Vos mains pourraient prédire vos habitudes de consommation d&rsquo;alcool, suggère une étude</a> est apparu en premier sur <a href="/">pense</a>.</p>
]]></description>
										<content:encoded><![CDATA[<p data-sourcepos="3:1-3:56">Les personnes dont l&rsquo;annulaire est plus long que l&rsquo;index ont tendance à boire plus d&rsquo;alcool, selon de nouvelles recherches. Mais pourquoi est-ce le cas ?</p>
<p data-sourcepos="5:1-5:58">La réponse réside dans notre compréhension des différences sexuelles. Certaines différences sexuelles sont influencées par des facteurs sociaux, mais d&rsquo;autres trouvent leurs racines dans notre biologie.</p>
<p data-sourcepos="7:1-7:25">Il existe des différences marquées entre la quantité d&rsquo;alcool consommée par les hommes et les femmes, les hommes consommant beaucoup plus. La raison de cela et de nombreuses autres différences sexuelles peut être trouvée dans notre exposition aux hormones sexuelles (testostérone et œstrogène) dans l&rsquo;utérus.</p>
<p data-sourcepos="9:1-9:192">Le fœtus mâle sécrète de la testostérone à partir de ses testicules, tandis que de petites quantités provenant de la circulation sanguine de la mère diffusent dans les fœtus mâles et femelles.</p>
<p data-sourcepos="11:1-11:184">En même temps, l&rsquo;œstrogène de la mère se retrouve également dans les fœtus mâles et femelles. Ainsi, les mâles sont exposés à des taux de testostérone prénatale plus élevés par rapport à l&rsquo;œstrogène que les femelles.</p>
<p data-sourcepos="13:1-13:235">La testostérone provoque ce que l&rsquo;on appelle des changements « organisationnels » dans le cerveau et d&rsquo;autres organes du fœtus. Ces changements sont ensuite activés davantage chez les garçons par une poussée de testostérone à la puberté.</p>
<p data-sourcepos="15:1-15:190">On pense que l&rsquo;enregistrement de notre différence de testostérone et d&rsquo;œstrogène se trouve dans la longueur relative de nos doigts index et annulaire (deuxième et quatrième doigts ou 2D:4D).</p>
<p data-sourcepos="17:1-17:33">C&rsquo;est-à-dire que votre rapport de doigts, ou 2D:4D, reflète votre exposition aux hormones sexuelles dans l&rsquo;utérus, de sorte que les longs quatrièmes doigts indiquent une testostérone élevée et un œstrogène faible.</p>
<p data-sourcepos="19:1-19:142"><span class="animating">Des comparaisons entre de nombreuses espèces à cinq doigts ont montré que les différences sexuelles dans le rapport des doigts sont répandues.</span></p>
<p data-sourcepos="21:1-21:295">Dans des expériences animales où de la testostérone a été ajoutée au stade fœtal, cela entraîne une progéniture avec la forme masculine du rapport des doigts chez les souris, les rats et les singes. Ce type d&rsquo;expériences n&rsquo;est pas éthique à mener chez l&rsquo;homme, donc cela reste un sujet de débat.</p>
<p data-sourcepos="23:1-23:279">Comparés aux femmes, les hommes montrent une consommation d&rsquo;alcool plus élevée et plus de décès associés à l&rsquo;abus d&rsquo;alcool. Cette différence sexuelle pourrait-elle être influencée dans le fœtus par des changements « organisationnels » provoqués par la testostérone et l&rsquo;œstrogène ?</p>
<p data-sourcepos="25:1-25:145">Une étude que mes collègues et moi avons menée a examiné cette question en reliant les rapports de doigts aux habitudes de consommation d&rsquo;alcool.</p>
<p data-sourcepos="27:1-27:60">Comparés aux femmes, les hommes montrent une consommation d&rsquo;alcool plus élevée. (thongtran95/Pexels)</p>
<p data-sourcepos="29:1-29:25">Habitudes de consommation</p>
<p data-sourcepos="31:1-31:145">Les participants étaient des étudiants de l&rsquo;Université médicale de Lodz en Pologne. L&rsquo;abus d&rsquo;alcool est une cause de décès croissante en Pologne.</p>
<p data-sourcepos="33:1-33:192">Le nombre de cas annuels est passé de 4,6 à 7,0 pour 100 000 depuis le début de la décennie. Et les hommes sont neuf fois plus susceptibles que les femmes de mourir de causes liées à l&rsquo;alcool.</p>
<p data-sourcepos="35:1-35:86">Notre étude comprenait 169 femmes et 89 hommes qui ont rempli le test d&rsquo;identification des troubles liés à la consommation d&rsquo;alcool (Audit), qui pose des questions sur les habitudes de consommation des personnes.</p>
<p data-sourcepos="37:1-37:286">Nous avons constaté que les participants ayant un long annulaire par rapport à leur index déclaraient des scores Audit plus élevés et une consommation d&rsquo;alcool plus élevée par semaine. La relation était présente chez les hommes et les femmes, mais elle était plus forte chez les hommes.</p>
<p data-sourcepos="39:1-39:245">Plusieurs études ont maintenant trouvé un lien entre les longs annulaires par rapport aux index et la consommation d&rsquo;alcool. Une vaste enquête en ligne sur les longueurs de doigts auto-mesurées a montré que les moyennes nationales et les valeurs individuelles des rapports de doigts prédisaient la consommation d&rsquo;alcool.</p>
<p data-sourcepos="41:1-41:237">Des études en Europe et en Asie ont montré que les patients alcoolodépendants ont des annulaires très longs par rapport aux index. Nos données étayent ces conclusions et les étendent aux personnes qui ne sont pas dépendantes de l&rsquo;alcool.</p>
<p data-sourcepos="43:1-43:103">Un annulaire plus long que l&rsquo;index est même associé à de meilleures performances en surf. (Arand/Canva)</p>
<p data-sourcepos="45:1-45:167">Les rapports de doigts fournissent une fenêtre sur notre développement très précoce. Côté positif, un annulaire plus long (par rapport à l&rsquo;index) est associé à un cœur sain et à des performances élevées dans la course de fond, le football, le rugby, le basket-ball, le ski et le surf.</p>
<p data-sourcepos="47:1-47:104">Côté négatif, il est lié à l&rsquo;autisme, au TDAH et à la dépendance à Internet et au cancer de la prostate.</p>
<p data-sourcepos="49:1-49:245">Le lien entre la longueur relative du deuxième et du quatrième doigt et la consommation d&rsquo;alcool est une pièce supplémentaire du puzzle qui souligne le puissant effet des hormones sexuelles prénatales sur notre comportement et notre physiologie.</p>
<p>L’article <a href="/vos-mains-pourraient-predire-vos-habitudes-de-consommation-dalcool-suggere-une-etude/">Vos mains pourraient prédire vos habitudes de consommation d&rsquo;alcool, suggère une étude</a> est apparu en premier sur <a href="/">pense</a>.</p>
]]></content:encoded>
					
					<wfw:commentRss>/vos-mains-pourraient-predire-vos-habitudes-de-consommation-dalcool-suggere-une-etude/feed/</wfw:commentRss>
			<slash:comments>0</slash:comments>
		
		
		<media:content url="https://www.sciencealert.com/images/2024/12/TwoDifferentPeoplesHandsHoldingBeers.jpg" medium="image"></media:content>
				</item>
		<item>
		<title>L&#8217;extrait de champignon montre des effets prometteurs contre le cancer de la prostate</title>
		<link>/lextrait-de-champignon-montre-des-effets-prometteurs-contre-le-cancer-de-la-prostate/</link>
					<comments>/lextrait-de-champignon-montre-des-effets-prometteurs-contre-le-cancer-de-la-prostate/#respond</comments>
		
		<dc:creator><![CDATA[ApkF]]></dc:creator>
		<pubDate>Sun, 08 Dec 2024 13:32:11 +0000</pubDate>
				<category><![CDATA[Non classé]]></category>
		<guid isPermaLink="false">/?p=16</guid>

					<description><![CDATA[<p>Les champignons exotiques comme la crinière de lion sont devenus célèbres pour leurs promesses médicinales, mais même les plus basiques des champignons peuvent cacher de puissants bienfaits immunitaires. Le champignon de Paris (Agaricus bisporus) est le champignon comestible le plus cultivé au monde, et bien qu&#8217;il ne soit généralement pas considéré comme « médicinal », des preuves &#8230;</p>
<p>L’article <a href="/lextrait-de-champignon-montre-des-effets-prometteurs-contre-le-cancer-de-la-prostate/">L&rsquo;extrait de champignon montre des effets prometteurs contre le cancer de la prostate</a> est apparu en premier sur <a href="/">pense</a>.</p>
]]></description>
										<content:encoded><![CDATA[<p data-sourcepos="3:1-3:56">Les champignons exotiques comme la crinière de lion sont devenus célèbres pour leurs promesses médicinales, mais même les plus basiques des champignons peuvent cacher de puissants bienfaits immunitaires.</p>
<p data-sourcepos="5:1-5:22">Le champignon de Paris (Agaricus bisporus) est le champignon comestible le plus cultivé au monde, et bien qu&rsquo;il ne soit généralement pas considéré comme « médicinal », des preuves émergentes chez la souris et l&rsquo;homme suggèrent que son extrait peut éventuellement ralentir voire empêcher la croissance du cancer de la prostate.</p>
<p data-sourcepos="7:1-7:199">À ce jour, la Food and Drug Administration (FDA) des États-Unis n&rsquo;a jamais approuvé un produit dérivé d&rsquo;un aliment comme médicament anticancéreux, de sorte que la route à parcourir est encore longue.</p>
<p data-sourcepos="9:1-9:295">Néanmoins, les scientifiques de City of Hope, une organisation de recherche et de traitement du cancer aux États-Unis, affirment qu&rsquo;ils suivent les directives réglementaires de la FDA pour fournir une « base scientifique » permettant de prouver les effets bénéfiques de ce champignon sur la santé.</p>
<p data-sourcepos="11:1-11:105">Après des années de travail, ils affirment que leurs dernières découvertes renforcent la justification du champignon de Paris comme « approche nutraceutique pour ralentir la progression du cancer de la prostate », lorsqu&rsquo;il est administré en thérapie adjuvante après un traitement primaire.</p>
<p data-sourcepos="13:1-13:463">« Nous constatons que les substances d&rsquo;origine végétale pourraient un jour être utilisées pour soutenir les pratiques traditionnelles de traitement et de prévention du cancer », explique Shiuan Chen, biologiste du cancer à City of Hope. « Cette étude suggère que les traitements &lsquo;alimentation comme médicament&rsquo; pourraient éventuellement devenir des soins anticancéreux normaux et fondés sur des preuves, recommandés pour toutes les personnes touchées par le cancer. »</p>
<p data-sourcepos="15:1-15:24"><span class="animating">Comme de nombreuses tumeurs,</span> le cancer de la prostate se protège des attaques du corps en produisant ce que l&rsquo;on appelle des cellules suppressives dérivées myéloïdes (MDSC) ; des globules blancs immatures ayant le don de supprimer la réponse immunitaire de l&rsquo;organisme.</p>
<p data-sourcepos="17:1-17:346">Les champignons de Paris pourraient avoir le pouvoir de percer ce bouclier. Lors d&rsquo;un précédent essai clinique de phase I, les chercheurs de City of Hope ont trouvé des signes prometteurs que l&rsquo;extrait de champignon de Paris peut réduire les profils de toxicité des cas de cancer de la prostate, avec des signes chez une poignée de volontaires d&rsquo;un déclin des MDSC circulantes. Après avoir consommé des comprimés de champignons deux fois par jour pendant des mois, certains individus avaient des marqueurs du cancer de la prostate dans leur sang qui diminuaient jusqu&rsquo;à des niveaux indétectables.</p>
<p data-sourcepos="19:1-19:233">Maintenant, une étude de suivi sur des souris et un essai clinique de phase II, impliquant des échantillons de sang prélevés sur des patients atteints de cancer de la prostate, approfondit les mécanismes possibles derrière cet effet.</p>
<p data-sourcepos="21:1-21:129">Chez les modèles murins de cancer de la prostate, l&rsquo;extrait de champignon a considérablement retardé la croissance des tumeurs et prolongé la survie.</p>
<p data-sourcepos="23:1-23:184">Plus précisément, les chercheurs ont découvert que les souris traitées avec l&rsquo;extrait présentaient des niveaux plus faibles de cellules suppressives dérivées de tumeurs dans leur sang.</p>
<p data-sourcepos="25:1-25:256">Parallèlement, dans un essai clinique de phase II en cours, les scientifiques ont mesuré moins de cellules suppressives et plus de cellules immunitaires antitumorales chez les patients atteints de cancer de la prostate traités avec l&rsquo;extrait de champignon.</p>
<p data-sourcepos="27:1-27:207">Les résultats suggèrent que les champignons de Paris peuvent renforcer les défenses immunitaires anti-cancer et ralentir la croissance du cancer, lorsqu&rsquo;ils sont administrés dans le cadre d&rsquo;autres thérapies.</p>
<p data-sourcepos="29:1-29:112">On ne sait pas exactement ce qu&rsquo;il y a dans l&rsquo;extrait de champignon qui permet d&rsquo;obtenir ce résultat incroyable.</p>
<p data-sourcepos="29:1-29:112"><img decoding="async" src="data:image/gif;base64,R0lGODlhAQABAIAAAAAAAP///ywAAAAAAQABAAACAUwAOw==" fifu-lazy="1" fifu-data-sizes="auto" fifu-data-srcset="https://i3.wp.com/www.sciencealert.com/images/2024/11/ProstateMushroom-600x452.png?ssl=1&w=75&resize=75&ssl=1 75w, https://i3.wp.com/www.sciencealert.com/images/2024/11/ProstateMushroom-600x452.png?ssl=1&w=100&resize=100&ssl=1 100w, https://i3.wp.com/www.sciencealert.com/images/2024/11/ProstateMushroom-600x452.png?ssl=1&w=150&resize=150&ssl=1 150w, https://i3.wp.com/www.sciencealert.com/images/2024/11/ProstateMushroom-600x452.png?ssl=1&w=240&resize=240&ssl=1 240w, https://i3.wp.com/www.sciencealert.com/images/2024/11/ProstateMushroom-600x452.png?ssl=1&w=320&resize=320&ssl=1 320w, https://i3.wp.com/www.sciencealert.com/images/2024/11/ProstateMushroom-600x452.png?ssl=1&w=500&resize=500&ssl=1 500w, https://i3.wp.com/www.sciencealert.com/images/2024/11/ProstateMushroom-600x452.png?ssl=1&w=640&resize=640&ssl=1 640w, https://i3.wp.com/www.sciencealert.com/images/2024/11/ProstateMushroom-600x452.png?ssl=1&w=800&resize=800&ssl=1 800w, https://i3.wp.com/www.sciencealert.com/images/2024/11/ProstateMushroom-600x452.png?ssl=1&w=1024&resize=1024&ssl=1 1024w, https://i3.wp.com/www.sciencealert.com/images/2024/11/ProstateMushroom-600x452.png?ssl=1&w=1280&resize=1280&ssl=1 1280w, https://i3.wp.com/www.sciencealert.com/images/2024/11/ProstateMushroom-600x452.png?ssl=1&w=1600&resize=1600&ssl=1 1600w" class="aligncenter" fifu-data-src="https://i3.wp.com/www.sciencealert.com/images/2024/11/ProstateMushroom-600x452.png?ssl=1" /></p>
<p data-sourcepos="31:1-31:294">Les produits botaniques, comme les matières végétales, les algues ou les champignons, contiennent un grand nombre de produits chimiques, ce qui signifie que s&rsquo;ils ont des propriétés anticancéreuses, c&rsquo;est probablement parce qu&rsquo;ils s&rsquo;attaquent à un large éventail de voies cancéreuses à la fois.</p>
<p data-sourcepos="33:1-33:100">Réduire les candidats est un travail fastidieux, c&rsquo;est pourquoi les essais cliniques sont conseillés de se concentrer davantage sur la sécurité et l&rsquo;efficacité que sur le mécanisme d&rsquo;action.</p>
<p data-sourcepos="35:1-35:184">L&rsquo;extrait de champignon peut contenir des fibres solubles, des protéines, des lipides et des phytochimiques, qui pourraient tous avoir des effets toxiques sur les cellules cancéreuses.</p>
<p data-sourcepos="37:1-37:326">« Bien que nos recherches aient des résultats préliminaires prometteurs, l&rsquo;étude est en cours », déclare Xiaoqiang Wang, scientifique du personnel de City of Hope et premier auteur de l&rsquo;étude. « Cela dit, cela ne ferait pas de mal si les gens voulaient ajouter plus de champignons de Paris frais à leur alimentation quotidienne. »</p>
<p>L’article <a href="/lextrait-de-champignon-montre-des-effets-prometteurs-contre-le-cancer-de-la-prostate/">L&rsquo;extrait de champignon montre des effets prometteurs contre le cancer de la prostate</a> est apparu en premier sur <a href="/">pense</a>.</p>
]]></content:encoded>
					
					<wfw:commentRss>/lextrait-de-champignon-montre-des-effets-prometteurs-contre-le-cancer-de-la-prostate/feed/</wfw:commentRss>
			<slash:comments>0</slash:comments>
		
		
		<media:content url="https://www.sciencealert.com/images/2024/11/WhiteButtonMushroom.jpg" medium="image"></media:content>
				</item>
		<item>
		<title>Le chronométrage au bord d&#8217;un bond géant en précision. Voici pourquoi.</title>
		<link>/le-chronometrage-au-bord-dun-bond-geant-en-precision-voici-pourquoi/</link>
					<comments>/le-chronometrage-au-bord-dun-bond-geant-en-precision-voici-pourquoi/#respond</comments>
		
		<dc:creator><![CDATA[ApkF]]></dc:creator>
		<pubDate>Sun, 08 Dec 2024 13:31:13 +0000</pubDate>
				<category><![CDATA[Non classé]]></category>
		<guid isPermaLink="false">/?p=13</guid>

					<description><![CDATA[<p>Le temps est vital au fonctionnement de notre vie quotidienne : des montres à nos poignets aux systèmes GPS de nos téléphones. Les systèmes de communication, les réseaux électriques et les transactions financières reposent tous sur un chronométrage précis. Les secondes sont les unités de mesure vitales en matière de chronométrage. Étonnamment, il y a &#8230;</p>
<p>L’article <a href="/le-chronometrage-au-bord-dun-bond-geant-en-precision-voici-pourquoi/">Le chronométrage au bord d&rsquo;un bond géant en précision. Voici pourquoi.</a> est apparu en premier sur <a href="/">pense</a>.</p>
]]></description>
										<content:encoded><![CDATA[<p data-sourcepos="3:1-3:332">Le temps est vital au fonctionnement de notre vie quotidienne : des montres à nos poignets aux systèmes GPS de nos téléphones. Les systèmes de communication, les réseaux électriques et les transactions financières reposent tous sur un chronométrage précis. Les secondes sont les unités de mesure vitales en matière de chronométrage.</p>
<p data-sourcepos="5:1-5:189">Étonnamment, il y a encore débat sur la définition de la seconde. Mais les récents progrès dans les formes de chronométrage les plus précises au monde pourraient bien avoir changé la donne.</p>
<p data-sourcepos="7:1-7:336">Un chronométrage précis a toujours fait partie de l&rsquo;évolution sociale de l&rsquo;humanité. Au monument néolithique de Newgrange en Irlande, une ouverture spéciale au-dessus d&rsquo;une entrée permet à la lumière du soleil d&rsquo;illuminer le passage et la chambre pendant les jours les plus courts de l&rsquo;année, autour du 21 décembre, le solstice d&rsquo;hiver.</p>
<p data-sourcepos="9:1-9:259">Il y a environ 2 300 ans, Aristote disait que « la révolution de la sphère la plus extérieure des cieux » devrait être la référence pour mesurer le temps. Le philosophe grec croyait que le cosmos était organisé en sphères concentriques, avec la Terre au centre.</p>
<p data-sourcepos="11:1-11:251">Les horloges à eau, apparues vers 2000 avant notre ère, sont parmi les plus anciens instruments de mesure du temps. Ils le font en régulant le débit d&rsquo;eau dans ou hors d&rsquo;un récipient. L&rsquo;horloge mécanique a ensuite été établie à la fin du XIIIe siècle.</p>
<p data-sourcepos="13:1-13:197">Jusqu&rsquo;en 1967, une seconde était définie comme 1/86 400 d&rsquo;un jour, avec vingt-quatre heures dans une journée, soixante minutes dans une heure et 60 secondes dans une minute (24 x 60 x 60 = 86 400).</p>
<p data-sourcepos="13:1-13:197"><img decoding="async" src="data:image/gif;base64,R0lGODlhAQABAIAAAAAAAP///ywAAAAAAQABAAACAUwAOw==" fifu-lazy="1" fifu-data-sizes="auto" fifu-data-srcset="https://i0.wp.com/www.sciencealert.com/images/2024/12/NewgrangeIreland642-600x413.jpg?ssl=1&w=75&resize=75&ssl=1 75w, https://i0.wp.com/www.sciencealert.com/images/2024/12/NewgrangeIreland642-600x413.jpg?ssl=1&w=100&resize=100&ssl=1 100w, https://i0.wp.com/www.sciencealert.com/images/2024/12/NewgrangeIreland642-600x413.jpg?ssl=1&w=150&resize=150&ssl=1 150w, https://i0.wp.com/www.sciencealert.com/images/2024/12/NewgrangeIreland642-600x413.jpg?ssl=1&w=240&resize=240&ssl=1 240w, https://i0.wp.com/www.sciencealert.com/images/2024/12/NewgrangeIreland642-600x413.jpg?ssl=1&w=320&resize=320&ssl=1 320w, https://i0.wp.com/www.sciencealert.com/images/2024/12/NewgrangeIreland642-600x413.jpg?ssl=1&w=500&resize=500&ssl=1 500w, https://i0.wp.com/www.sciencealert.com/images/2024/12/NewgrangeIreland642-600x413.jpg?ssl=1&w=640&resize=640&ssl=1 640w, https://i0.wp.com/www.sciencealert.com/images/2024/12/NewgrangeIreland642-600x413.jpg?ssl=1&w=800&resize=800&ssl=1 800w, https://i0.wp.com/www.sciencealert.com/images/2024/12/NewgrangeIreland642-600x413.jpg?ssl=1&w=1024&resize=1024&ssl=1 1024w, https://i0.wp.com/www.sciencealert.com/images/2024/12/NewgrangeIreland642-600x413.jpg?ssl=1&w=1280&resize=1280&ssl=1 1280w, https://i0.wp.com/www.sciencealert.com/images/2024/12/NewgrangeIreland642-600x413.jpg?ssl=1&w=1600&resize=1600&ssl=1 1600w" class="aligncenter" fifu-data-src="https://i0.wp.com/www.sciencealert.com/images/2024/12/NewgrangeIreland642-600x413.jpg?ssl=1" /></p>
<p data-sourcepos="15:1-15:96">Le Système international d&rsquo;unités a ensuite changé les choses, en optant pour cette définition :</p>
<p data-sourcepos="17:1-17:171">La seconde… est définie en prenant la… fréquence de transition de l&rsquo;atome de césium-133, égale à 9 192 631 770 lorsqu&rsquo;elle est exprimée en unité Hz, ce qui est égal à s⁻¹.</p>
<p data-sourcepos="19:1-19:299">Si vous êtes confus, laissez-moi vous expliquer. Le cœur de cette définition est quelque chose appelé fréquence de transition. Une transition se produit lorsqu&rsquo;un électron dans un atome absorbe de l&rsquo;énergie et passe à un niveau d&rsquo;énergie supérieur, revenant à un état détendu après un certain temps.</p>
<p data-sourcepos="21:1-21:232">C&rsquo;est un peu comme boire une tasse de café : vous avez soudainement plus d&rsquo;énergie, jusqu&rsquo;à ce que la caféine s&rsquo;épuise. La fréquence est le nombre attendu de fois qu&rsquo;une transition se produit pendant une période de temps spécifique.</p>
<p data-sourcepos="23:1-23:300">À chaque tic de la seconde, une transition spécifique d&rsquo;un électron de césium-133 se produit 9 192 631 770 fois. Cela est devenu l&rsquo;étalon de mesure du temps. À ce jour, le césium fournit la définition la plus précise de la seconde, mais il peut être amélioré en utilisant des fréquences plus élevées.</p>
<p data-sourcepos="25:1-25:264">Plus la fréquence de transition est élevée, moins une seule mauvaise lecture peut dérailler la précision totale. S&rsquo;il y avait cinquante transitions par seconde, le coût en termes de précision du décompte d&rsquo;une serait cent fois plus grave que s&rsquo;il y en avait 5 000.</p>
<p data-sourcepos="27:1-27:285">Il y a deux limitations à la réduction de cette erreur : les défis technologiques de la mesure des fréquences, en particulier des fréquences plus élevées ; et la nécessité de trouver un système – les atomes de césium-133 pour la seconde – avec une transition haute fréquence mesurable.</p>
<p data-sourcepos="27:1-27:285"><img decoding="async" src="data:image/gif;base64,R0lGODlhAQABAIAAAAAAAP///ywAAAAAAQABAAACAUwAOw==" fifu-lazy="1" fifu-data-sizes="auto" fifu-data-srcset="https://i2.wp.com/www.sciencealert.com/images/2024/12/file-20241124-17-7qcbd0.jpeg?ssl=1&w=75&resize=75&ssl=1 75w, https://i2.wp.com/www.sciencealert.com/images/2024/12/file-20241124-17-7qcbd0.jpeg?ssl=1&w=100&resize=100&ssl=1 100w, https://i2.wp.com/www.sciencealert.com/images/2024/12/file-20241124-17-7qcbd0.jpeg?ssl=1&w=150&resize=150&ssl=1 150w, https://i2.wp.com/www.sciencealert.com/images/2024/12/file-20241124-17-7qcbd0.jpeg?ssl=1&w=240&resize=240&ssl=1 240w, https://i2.wp.com/www.sciencealert.com/images/2024/12/file-20241124-17-7qcbd0.jpeg?ssl=1&w=320&resize=320&ssl=1 320w, https://i2.wp.com/www.sciencealert.com/images/2024/12/file-20241124-17-7qcbd0.jpeg?ssl=1&w=500&resize=500&ssl=1 500w, https://i2.wp.com/www.sciencealert.com/images/2024/12/file-20241124-17-7qcbd0.jpeg?ssl=1&w=640&resize=640&ssl=1 640w, https://i2.wp.com/www.sciencealert.com/images/2024/12/file-20241124-17-7qcbd0.jpeg?ssl=1&w=800&resize=800&ssl=1 800w, https://i2.wp.com/www.sciencealert.com/images/2024/12/file-20241124-17-7qcbd0.jpeg?ssl=1&w=1024&resize=1024&ssl=1 1024w, https://i2.wp.com/www.sciencealert.com/images/2024/12/file-20241124-17-7qcbd0.jpeg?ssl=1&w=1280&resize=1280&ssl=1 1280w, https://i2.wp.com/www.sciencealert.com/images/2024/12/file-20241124-17-7qcbd0.jpeg?ssl=1&w=1600&resize=1600&ssl=1 1600w" fifu-data-src="https://i2.wp.com/www.sciencealert.com/images/2024/12/file-20241124-17-7qcbd0.jpeg?ssl=1" /></p>
<p data-sourcepos="29:1-29:299">Afin de mesurer une fréquence inconnue, les scientifiques prennent un signal de fréquence connue – une référence – et le combinent avec la fréquence qu&rsquo;ils veulent mesurer. La différence entre eux sera un nouveau signal avec une petite fréquence qui est facile à mesurer : la fréquence de battement.</p>
<p data-sourcepos="31:1-31:343">Les horloges atomiques utilisent cette technique pour mesurer la fréquence de transition des atomes avec une telle précision qu&rsquo;elles deviennent des normes pour définir la seconde. Pour atteindre une telle précision, les scientifiques ont besoin d&rsquo;un signal de référence fiable, qu&rsquo;ils obtiennent avec quelque chose appelé peigne de fréquence.</p>
<p data-sourcepos="33:1-33:235">Un peigne de fréquence utilise des lasers, émis en impulsions intermittentes. Ces faisceaux contiennent de nombreuses ondes de lumière différentes, dont les fréquences sont également espacées, comme les dents d&rsquo;un peigne &#8211; d&rsquo;où le nom.</p>
<p data-sourcepos="35:1-35:221">Dans les horloges atomiques, un peigne de fréquence est utilisé pour transférer de l&rsquo;énergie à des millions d&rsquo;atomes simultanément, en espérant qu&rsquo;une des dents du peigne battra avec la fréquence de transition d&rsquo;un atome.</p>
<p data-sourcepos="37:1-37:236">Un peigne de fréquence dont les dents sont nombreuses, fines et dans la bonne gamme de fréquences augmente les chances que cela se produise. Ils sont donc essentiels pour réaliser des mesures de haute précision d&rsquo;un signal de référence.</p>
<p data-sourcepos="39:1-39:46">Des horloges atomiques aux horloges nucléaires</p>
<p data-sourcepos="41:1-41:294">Comme nous l&rsquo;avons vu, la seconde est définie par les transitions électroniques dans les atomes de césium. Les transitions se produisant à une fréquence plus basse sont plus faciles à mesurer. Mais ceux qui se produisent à une fréquence plus élevée aident à augmenter la précision de la mesure.</p>
<p data-sourcepos="43:1-43:197">Les transitions au césium se produisent à environ la même fréquence sur le spectre électromagnétique que les micro-ondes. Ces fréquences micro-ondes sont inférieures à celles de la lumière visible.</p>
<p data-sourcepos="45:1-45:276">Mais en septembre 2021, des scientifiques ont effectué des mesures en utilisant l&rsquo;élément strontium, dont la fréquence de transition est supérieure à celle du césium et se situe dans la gamme de la lumière visible. Cela ouvre la possibilité de redéfinir la seconde d&rsquo;ici 2030.</p>
<p data-sourcepos="47:1-47:361">En septembre 2024, des scientifiques américains ont réalisé des avancées clés vers la construction d&rsquo;une horloge nucléaire &#8211; un pas au-delà d&rsquo;une horloge atomique. Contrairement à l&rsquo;horloge atomique, la transition mesurée par ce nouveau dispositif se produit dans le noyau, ou cœur, de l&rsquo;atome (d&rsquo;où le nom), ce qui lui confère une fréquence encore plus élevée.</p>
<p data-sourcepos="49:1-49:166">L&rsquo;équipement pour mesurer précisément l&rsquo;énergie nécessaire pour exciter le noyau de thorium-229, qui est le cœur d&rsquo;une future horloge nucléaire. (Chuankun Zhang/JILA)</p>
<p data-sourcepos="51:1-51:339">Le thorium-229, l&rsquo;atome utilisé pour cette étude, offre une transition nucléaire qui peut être excitée par la lumière ultraviolette. L&rsquo;équipe travaillant sur l&rsquo;horloge nucléaire a surmonté le défi technologique de construire un peigne de fréquence qui fonctionne dans la gamme de fréquences relativement élevée de la lumière ultraviolette.</p>
<p data-sourcepos="53:1-53:278">C&rsquo;était un grand pas en avant car les transitions nucléaires ne deviennent généralement visibles qu&rsquo;à des fréquences beaucoup plus élevées &#8211; comme celles du rayonnement gamma. Mais nous ne sommes pas encore capables de mesurer avec précision les transitions dans la gamme gamma.</p>
<p data-sourcepos="55:1-55:328">L&rsquo;atome de thorium a une fréquence environ un million de fois plus élevée que celle de l&rsquo;atome de césium. Cela signifie que, bien qu&rsquo;il ait été mesuré avec une précision inférieure à celle de l&rsquo;horloge au strontium actuelle, il promet une nouvelle génération d&rsquo;horloges avec des définitions beaucoup plus précises de la seconde.</p>
<p data-sourcepos="57:1-57:321">Mesurer le temps à la dix-neuvième décimale, comme le pourraient les horloges nucléaires, permettrait aux scientifiques d&rsquo;étudier des processus très rapides. Pensez à deux coureurs à égalité dans un photo finish. Si le chronomètre de l&rsquo;arbitre avait quelques chiffres supplémentaires, il pourrait identifier le vainqueur.</p>
<p data-sourcepos="59:1-59:249">De même, la relativité générale est utilisée pour étudier des processus à haute vitesse qui pourraient conduire à des chevauchements avec la mécanique quantique. Une horloge nucléaire nous donnera la technologie nécessaire pour prouver ces théories.</p>
<p data-sourcepos="61:1-61:246">Au niveau technologique, les systèmes de positionnement précis tels que le GPS sont basés sur des calculs complexes qui nécessitent des mesures fines du temps nécessaire à un signal pour passer d&rsquo;un appareil à un satellite et à un autre appareil.</p>
<p data-sourcepos="63:1-63:187">Une meilleure définition de la seconde se traduira par un GPS beaucoup plus précis. Le temps pourrait être écoulé pour la seconde au césium, mais un monde nouveau entier l&rsquo;attend au-delà.</p>
<p>L’article <a href="/le-chronometrage-au-bord-dun-bond-geant-en-precision-voici-pourquoi/">Le chronométrage au bord d&rsquo;un bond géant en précision. Voici pourquoi.</a> est apparu en premier sur <a href="/">pense</a>.</p>
]]></content:encoded>
					
					<wfw:commentRss>/le-chronometrage-au-bord-dun-bond-geant-en-precision-voici-pourquoi/feed/</wfw:commentRss>
			<slash:comments>0</slash:comments>
		
		
		<media:content url="https://www.sciencealert.com/images/2024/12/GettyImages-94916159.jpg" medium="image"></media:content>
				</item>
	</channel>
</rss>
