<?xml version="1.0" encoding="UTF-8"?><rss version="2.0"
	xmlns:media="http://search.yahoo.com/mrss/"
	xmlns:content="http://purl.org/rss/1.0/modules/content/"
	xmlns:dc="http://purl.org/dc/elements/1.1/"
	xmlns:atom="http://www.w3.org/2005/Atom"
	xmlns:sy="http://purl.org/rss/1.0/modules/syndication/"
	
	>
<channel>
	<title>
	Commentaires sur : Une petite ville américaine en alerte après l&#8217;évasion de 40 singes d&#8217;un laboratoire de recherche	</title>
	<atom:link href="/une-petite-ville-americaine-en-alerte-apres-levasion-de-40-singes-dun-laboratoire-de-recherche/feed/" rel="self" type="application/rss+xml" />
	<link>/une-petite-ville-americaine-en-alerte-apres-levasion-de-40-singes-dun-laboratoire-de-recherche/</link>
	<description></description>
	<lastBuildDate>Sun, 08 Dec 2024 17:45:28 +0000</lastBuildDate>
	<sy:updatePeriod>
	hourly	</sy:updatePeriod>
	<sy:updateFrequency>
	1	</sy:updateFrequency>
	<generator>https://wordpress.org/?v=6.7.1</generator>
</channel>
</rss>
