<?xml version="1.0" encoding="UTF-8"?><rss version="2.0"
	xmlns:media="http://search.yahoo.com/mrss/"
	xmlns:content="http://purl.org/rss/1.0/modules/content/"
	xmlns:dc="http://purl.org/dc/elements/1.1/"
	xmlns:atom="http://www.w3.org/2005/Atom"
	xmlns:sy="http://purl.org/rss/1.0/modules/syndication/"
	
	>
<channel>
	<title>
	Commentaires sur : La censure quantique pourrait cacher l&#8217;horrible vérité de ce qui se trouve à l&#8217;intérieur d&#8217;un trou noir	</title>
	<atom:link href="/la-censure-quantique-pourrait-cacher-lhorrible-verite-de-ce-qui-se-trouve-a-linterieur-dun-trou-noir/feed/" rel="self" type="application/rss+xml" />
	<link>/la-censure-quantique-pourrait-cacher-lhorrible-verite-de-ce-qui-se-trouve-a-linterieur-dun-trou-noir/</link>
	<description></description>
	<lastBuildDate>Mon, 09 Dec 2024 08:56:24 +0000</lastBuildDate>
	<sy:updatePeriod>
	hourly	</sy:updatePeriod>
	<sy:updateFrequency>
	1	</sy:updateFrequency>
	<generator>https://wordpress.org/?v=6.7.1</generator>
</channel>
</rss>
