<?xml version="1.0" encoding="UTF-8"?><rss version="2.0"
	xmlns:media="http://search.yahoo.com/mrss/"
	xmlns:content="http://purl.org/rss/1.0/modules/content/"
	xmlns:wfw="http://wellformedweb.org/CommentAPI/"
	xmlns:dc="http://purl.org/dc/elements/1.1/"
	xmlns:atom="http://www.w3.org/2005/Atom"
	xmlns:sy="http://purl.org/rss/1.0/modules/syndication/"
	xmlns:slash="http://purl.org/rss/1.0/modules/slash/"
	>

<channel>
	<title>Archives des Société - pense</title>
	<atom:link href="/category/societe/feed/" rel="self" type="application/rss+xml" />
	<link>/category/societe/</link>
	<description></description>
	<lastBuildDate>Mon, 09 Dec 2024 09:21:02 +0000</lastBuildDate>
	<language>fr-FR</language>
	<sy:updatePeriod>
	hourly	</sy:updatePeriod>
	<sy:updateFrequency>
	1	</sy:updateFrequency>
	<generator>https://wordpress.org/?v=6.7.1</generator>

<image>
	<url>/wp-content/uploads/2024/12/favicon.png</url>
	<title>Archives des Société - pense</title>
	<link>/category/societe/</link>
	<width>32</width>
	<height>32</height>
</image> 
	<item>
		<title>Une étoile sauvage découverte tournant à une vitesse incroyable de 716 fois par seconde</title>
		<link>/une-etoile-sauvage-decouverte-tournant-a-une-vitesse-incroyable-de-716-fois-par-seconde/</link>
					<comments>/une-etoile-sauvage-decouverte-tournant-a-une-vitesse-incroyable-de-716-fois-par-seconde/#respond</comments>
		
		<dc:creator><![CDATA[ApkF]]></dc:creator>
		<pubDate>Mon, 09 Dec 2024 09:21:02 +0000</pubDate>
				<category><![CDATA[Société]]></category>
		<guid isPermaLink="false">/?p=153</guid>

					<description><![CDATA[<p>Une étoile morte située à 27 400 années-lumière semble être en train de vivre l&#8217;une des discothèques stellaires les plus épiques que nous ayons jamais vues. Dans le système binaire 4U 1820-30, une étoile à neutrons tourne si vite autour de son axe central qu&#8217;elle effectue 716 rotations par seconde. Aucune étoile n&#8217;a été découverte &#8230;</p>
<p>L’article <a href="/une-etoile-sauvage-decouverte-tournant-a-une-vitesse-incroyable-de-716-fois-par-seconde/">Une étoile sauvage découverte tournant à une vitesse incroyable de 716 fois par seconde</a> est apparu en premier sur <a href="/">pense</a>.</p>
]]></description>
										<content:encoded><![CDATA[<div class="presented-response-container ng-tns-c178193607-121">
<div class="response-container-content ng-tns-c178193607-121 tunable-selection-with-avatar">
<div class="response-content ng-tns-c178193607-121">
<div id="model-response-message-contentr_14f8f85144c26344" class="markdown markdown-main-panel response-optimization stronger" dir="ltr">
<p data-sourcepos="3:1-3:156">Une étoile morte située à 27 400 années-lumière semble être en train de vivre l&rsquo;une des discothèques stellaires les plus épiques que nous ayons jamais vues.</p>
<p data-sourcepos="5:1-5:277">Dans le système binaire 4U 1820-30, une étoile à neutrons tourne si vite autour de son axe central qu&rsquo;elle effectue 716 rotations par seconde. Aucune étoile n&rsquo;a été découverte tournant plus vite, et seul le célèbre pulsar PSR J1748-2446ad a été trouvé tournant à cette vitesse.</p>
<p data-sourcepos="7:1-7:262">Cette découverte, selon une équipe dirigée par l&rsquo;astrophysicien Gaurava Jaisawal de l&rsquo;Université technique du Danemark, confirme la limite théorique supérieure actuelle des vitesses de rotation des étoiles à neutrons, estimée à environ 730 rotations par seconde.</p>
<p data-sourcepos="9:1-9:135">« Nous étudiions les explosions thermonucléaires de ce système et avons ensuite trouvé des oscillations remarquables », déclare Jaisawal.</p>
<p data-sourcepos="11:1-11:158">« Si de futures observations confirment cela, l&rsquo;étoile à neutrons 4U 1820-30 serait l&rsquo;un des objets tournant le plus rapidement jamais observé dans l&rsquo;Univers. »</p>
<p data-sourcepos="13:1-13:110">Les étoiles à neutrons sont l&rsquo;une des étapes finales de l&rsquo;évolution dans la durée de vie d&rsquo;une étoile massive.</p>
<p data-sourcepos="13:1-13:110"><img decoding="async" src="data:image/gif;base64,R0lGODlhAQABAIAAAAAAAP///ywAAAAAAQABAAACAUwAOw==" fifu-lazy="1" fifu-data-sizes="auto" fifu-data-srcset="https://i0.wp.com/www.sciencealert.com/images/2024/10/x-ray-pulsar-body-600x337.jpg?ssl=1&w=75&resize=75&ssl=1 75w, https://i0.wp.com/www.sciencealert.com/images/2024/10/x-ray-pulsar-body-600x337.jpg?ssl=1&w=100&resize=100&ssl=1 100w, https://i0.wp.com/www.sciencealert.com/images/2024/10/x-ray-pulsar-body-600x337.jpg?ssl=1&w=150&resize=150&ssl=1 150w, https://i0.wp.com/www.sciencealert.com/images/2024/10/x-ray-pulsar-body-600x337.jpg?ssl=1&w=240&resize=240&ssl=1 240w, https://i0.wp.com/www.sciencealert.com/images/2024/10/x-ray-pulsar-body-600x337.jpg?ssl=1&w=320&resize=320&ssl=1 320w, https://i0.wp.com/www.sciencealert.com/images/2024/10/x-ray-pulsar-body-600x337.jpg?ssl=1&w=500&resize=500&ssl=1 500w, https://i0.wp.com/www.sciencealert.com/images/2024/10/x-ray-pulsar-body-600x337.jpg?ssl=1&w=640&resize=640&ssl=1 640w, https://i0.wp.com/www.sciencealert.com/images/2024/10/x-ray-pulsar-body-600x337.jpg?ssl=1&w=800&resize=800&ssl=1 800w, https://i0.wp.com/www.sciencealert.com/images/2024/10/x-ray-pulsar-body-600x337.jpg?ssl=1&w=1024&resize=1024&ssl=1 1024w, https://i0.wp.com/www.sciencealert.com/images/2024/10/x-ray-pulsar-body-600x337.jpg?ssl=1&w=1280&resize=1280&ssl=1 1280w, https://i0.wp.com/www.sciencealert.com/images/2024/10/x-ray-pulsar-body-600x337.jpg?ssl=1&w=1600&resize=1600&ssl=1 1600w" fifu-data-src="https://i0.wp.com/www.sciencealert.com/images/2024/10/x-ray-pulsar-body-600x337.jpg?ssl=1" /></p>
<p data-sourcepos="15:1-15:347">Une fois qu&rsquo;une étoile entre 8 et 30 fois plus massive que le Soleil a épuisé les atomes qu&rsquo;elle peut fusionner dans son noyau, elle explose (ou peut-être pas), éjectant sa matière extérieure dans une explosion de supernova, tandis que le noyau, plus soutenu par la pression extérieure fournie par la fusion, s&rsquo;effondre sous l&rsquo;effet de la gravité.</p>
<p data-sourcepos="17:1-17:129">Une représentation artistique d&rsquo;un pulsar à rayons X éclatant. (Chris Smith/Walt Feimer/Centre de vol spatial Goddard de la NASA)</p>
<p data-sourcepos="19:1-19:297">Ce noyau effondré est l&rsquo;étoile à neutrons, un objet entre environ 1,1 et 2,3 fois la masse du Soleil, enfermé dans une petite sphère de seulement 20 kilomètres de diamètre. « Dense » ne suffit pas à le décrire. La matière à l&rsquo;intérieur de ces choses peut devenir étrange, et leur comportement aussi.</p>
<p data-sourcepos="21:1-21:345">Nous avons différents noms pour classer ce comportement. Un magnétar est une étoile à neutrons avec une sphère magnétique incroyablement puissante. Et un pulsar est une étoile à neutrons tournant incroyablement vite, émettant des faisceaux d&rsquo;ondes radio depuis leurs pôles de sorte qu&rsquo;ils semblent « pulser » dans l&rsquo;espace comme un phare cosmique.</p>
<p data-sourcepos="23:1-23:282">Nous connaissons l&rsquo;existence de 4U 1820-30 depuis au moins les années 1980. C&rsquo;est un système d&rsquo;étoiles binaires dans la constellation du Sagittaire qui comprend une étoile à neutrons et une étoile naine blanche, sur une orbite très serrée avec une période de seulement 11,4 minutes.</p>
<p data-sourcepos="25:1-25:207">La proximité des deux étoiles signifie que l&rsquo;étoile à neutrons est suffisamment proche pour cannibaliser son compagnon, lui arrachant de la matière qui s&rsquo;accumule ensuite à la surface de l&rsquo;étoile à neutrons.</p>
<p data-sourcepos="27:1-27:172">Cette accumulation de masse devient plus dense et plus chaude à mesure qu&rsquo;elle s&rsquo;accumule, jusqu&rsquo;à ce que l&rsquo;étoile finisse par l&rsquo;éjecter dans une explosion thermonucléaire.</p>
<p data-sourcepos="29:1-29:235">Ce sont ces explosions que Jaisawal et ses collègues essayaient d&rsquo;étudier, en utilisant le Neutron Star Interior Composition Explorer (NICER) de la NASA, un télescope à rayons X qui fait du stop avec la Station spatiale internationale.</p>
<p data-sourcepos="31:1-31:230">« Au cours de ces explosions, l&rsquo;étoile à neutrons devient jusqu&rsquo;à 100 000 fois plus brillante que le Soleil, libérant une immense quantité d&rsquo;énergie », explique l&rsquo;astrophysicien Jérôme Chenevez de l&rsquo;Université technique du Danemark.</p>
<p data-sourcepos="33:1-33:226">« Nous avons donc affaire à des événements très extrêmes, et en les étudiant, nous obtenons de nouvelles informations sur les cycles de vie existants des systèmes d&rsquo;étoiles binaires et la formation des éléments dans l&rsquo;Univers. »</p>
<p data-sourcepos="35:1-35:376">L&rsquo;équipe a enregistré 15 de ces explosions thermonucléaires entre 2017 et 2022. Mais lorsqu&rsquo;ils ont analysé les données, ils ont trouvé quelque chose d&rsquo;étrange. L&rsquo;une des explosions avait une signature étrange, une oscillation avec une fréquence de 716 Hertz. C&rsquo;était comme si l&rsquo;étoile tournait alors qu&rsquo;elle éclatait &#8211; ce qui, selon les chercheurs, était probablement le cas.</p>
<p data-sourcepos="37:1-37:300">Cela pourrait signifier que l&rsquo;étoile à neutrons 4U 1820-30 est un pulsar à rayons X, avec une période de 716 rotations par minute, alimenté par des explosions thermonucléaires. Puisque PSR J1748-2446ad est un pulsar radio, cela ferait de 4U 1820-30 le pulsar à énergie nucléaire le plus rapide connu.</p>
<p data-sourcepos="39:1-39:255">D&rsquo;autres observations seront nécessaires pour vérifier cette découverte. Si elle est confirmée, cependant, les résultats nous donneront un nouvel outil pour étudier les étoiles à neutrons et les extrêmes qu&rsquo;elles peuvent atteindre avant de s&rsquo;autodétr</p>
</div>
</div>
</div>
</div>
<p>L’article <a href="/une-etoile-sauvage-decouverte-tournant-a-une-vitesse-incroyable-de-716-fois-par-seconde/">Une étoile sauvage découverte tournant à une vitesse incroyable de 716 fois par seconde</a> est apparu en premier sur <a href="/">pense</a>.</p>
]]></content:encoded>
					
					<wfw:commentRss>/une-etoile-sauvage-decouverte-tournant-a-une-vitesse-incroyable-de-716-fois-par-seconde/feed/</wfw:commentRss>
			<slash:comments>0</slash:comments>
		
		
		<media:content url="https://www.sciencealert.com/images/2024/10/x-ray-pulsar.jpg" medium="image"></media:content>
				</item>
		<item>
		<title>Une petite ville américaine en alerte après l&#8217;évasion de 40 singes d&#8217;un laboratoire de recherche</title>
		<link>/une-petite-ville-americaine-en-alerte-apres-levasion-de-40-singes-dun-laboratoire-de-recherche/</link>
					<comments>/une-petite-ville-americaine-en-alerte-apres-levasion-de-40-singes-dun-laboratoire-de-recherche/#respond</comments>
		
		<dc:creator><![CDATA[ApkF]]></dc:creator>
		<pubDate>Sun, 08 Dec 2024 17:45:28 +0000</pubDate>
				<category><![CDATA[Société]]></category>
		<guid isPermaLink="false">/?p=90</guid>

					<description><![CDATA[<p>Plus de 40 singes étaient en liberté jeudi dans une petite ville américaine après s&#8217;être échappés d&#8217;un centre de recherche, les autorités avertissant les résidents de garder leurs portes et fenêtres fermées. Les macaques rhesus, décrits comme « farouches » par la police de Yemassee, en Caroline du Sud, auraient fui leurs enclos la veille dans un &#8230;</p>
<p>L’article <a href="/une-petite-ville-americaine-en-alerte-apres-levasion-de-40-singes-dun-laboratoire-de-recherche/">Une petite ville américaine en alerte après l&rsquo;évasion de 40 singes d&rsquo;un laboratoire de recherche</a> est apparu en premier sur <a href="/">pense</a>.</p>
]]></description>
										<content:encoded><![CDATA[<p data-sourcepos="5:1-5:207">Plus de 40 singes étaient en liberté jeudi dans une petite ville américaine après s&rsquo;être échappés d&rsquo;un centre de recherche, les autorités avertissant les résidents de garder leurs portes et fenêtres fermées.</p>
<p data-sourcepos="7:1-7:240">Les macaques rhesus, décrits comme « farouches » par la police de Yemassee, en Caroline du Sud, auraient fui leurs enclos la veille dans un établissement géré par Alpha Genesis, spécialisé dans la recherche biomédicale basée sur les primates.</p>
<p data-sourcepos="9:1-9:193">Des équipes de recherche ont été déployées pour aider à localiser les singes et « s&rsquo;efforcent de les attirer avec de la nourriture », a déclaré le service de police local sur les réseaux sociaux.</p>
<p data-sourcepos="11:1-11:229">« Les résidents sont priés de garder leurs portes et fenêtres bien fermées et de signaler immédiatement toute observation en composant le 911. Veuillez ne pas tenter d&rsquo;approcher ces animaux en aucune circonstance », a-t-il déclaré.</p>
<p data-sourcepos="13:1-13:101">Famille de macaques rhesus dans la nature en Inde. (Timothy Gonsalves/Wikimedia Commons/CC-BY_SA 4.0)</p>
<p data-sourcepos="15:1-15:160">La police a ajouté que les 43 primates étaient tous des femelles jeunes pesant jusqu&rsquo;à trois kilogrammes et qu&rsquo;elles n&rsquo;avaient pas été utilisées pour des tests.</p>
<p data-sourcepos="17:1-17:129">« Un porte-parole d&rsquo;Alpha Genesis peut confirmer que ces animaux sont trop jeunes pour être porteurs de maladies », a-t-il déclaré.</p>
<p data-sourcepos="19:1-19:177">Greg Westergaard, PDG d&rsquo;Alpha Genesis, a déclaré que l&rsquo;évasion était « frustrante », disant à CBS News qu&rsquo;il « espère un dénouement heureux » avec le retour volontaire des primates.</p>
<p data-sourcepos="21:1-21:128">Il a déclaré que les primates avaient pu errer librement après qu&rsquo;un gardien n&rsquo;ait pas réussi à sécuriser une porte d&rsquo;un enclos.</p>
<p data-sourcepos="23:1-23:120">« C&rsquo;est vraiment comme un jeu du suivez-le-leader. Vous en voyez un partir et les autres suivent », a déclaré Westergaard.</p>
<p>L’article <a href="/une-petite-ville-americaine-en-alerte-apres-levasion-de-40-singes-dun-laboratoire-de-recherche/">Une petite ville américaine en alerte après l&rsquo;évasion de 40 singes d&rsquo;un laboratoire de recherche</a> est apparu en premier sur <a href="/">pense</a>.</p>
]]></content:encoded>
					
					<wfw:commentRss>/une-petite-ville-americaine-en-alerte-apres-levasion-de-40-singes-dun-laboratoire-de-recherche/feed/</wfw:commentRss>
			<slash:comments>0</slash:comments>
		
		
		<media:content url="https://www.sciencealert.com/images/2024/11/face_rhesus_macaque.jpg" medium="image"></media:content>
				</item>
	</channel>
</rss>
