<?xml version="1.0" encoding="UTF-8"?><rss version="2.0"
	xmlns:media="http://search.yahoo.com/mrss/"
	xmlns:content="http://purl.org/rss/1.0/modules/content/"
	xmlns:wfw="http://wellformedweb.org/CommentAPI/"
	xmlns:dc="http://purl.org/dc/elements/1.1/"
	xmlns:atom="http://www.w3.org/2005/Atom"
	xmlns:sy="http://purl.org/rss/1.0/modules/syndication/"
	xmlns:slash="http://purl.org/rss/1.0/modules/slash/"
	>

<channel>
	<title>Archives des Technologie - pense</title>
	<atom:link href="/category/technologie/feed/" rel="self" type="application/rss+xml" />
	<link>/category/technologie/</link>
	<description></description>
	<lastBuildDate>Mon, 09 Dec 2024 09:17:53 +0000</lastBuildDate>
	<language>fr-FR</language>
	<sy:updatePeriod>
	hourly	</sy:updatePeriod>
	<sy:updateFrequency>
	1	</sy:updateFrequency>
	<generator>https://wordpress.org/?v=6.7.1</generator>

<image>
	<url>/wp-content/uploads/2024/12/favicon.png</url>
	<title>Archives des Technologie - pense</title>
	<link>/category/technologie/</link>
	<width>32</width>
	<height>32</height>
</image> 
	<item>
		<title>Une nouvelle découverte ouvre la voie à la génération d&#8217;énergie à partir de la chaleur corporelle</title>
		<link>/une-nouvelle-decouverte-ouvre-la-voie-a-la-generation-denergie-a-partir-de-la-chaleur-corporelle/</link>
					<comments>/une-nouvelle-decouverte-ouvre-la-voie-a-la-generation-denergie-a-partir-de-la-chaleur-corporelle/#respond</comments>
		
		<dc:creator><![CDATA[ApkF]]></dc:creator>
		<pubDate>Mon, 09 Dec 2024 09:17:53 +0000</pubDate>
				<category><![CDATA[Technologie]]></category>
		<guid isPermaLink="false">/?p=147</guid>

					<description><![CDATA[<p>Si vous vous êtes déjà vu à travers une caméra thermique, vous savez que votre corps produit beaucoup de chaleur. C&#8217;est en fait un déchet de notre métabolisme. Chaque mètre carré du corps humain dégage de la chaleur équivalente à environ 19 allumettes par heure. Malheureusement, une grande partie de cette chaleur s&#8217;échappe simplement dans &#8230;</p>
<p>L’article <a href="/une-nouvelle-decouverte-ouvre-la-voie-a-la-generation-denergie-a-partir-de-la-chaleur-corporelle/">Une nouvelle découverte ouvre la voie à la génération d&rsquo;énergie à partir de la chaleur corporelle</a> est apparu en premier sur <a href="/">pense</a>.</p>
]]></description>
										<content:encoded><![CDATA[<p data-sourcepos="3:1-3:262">Si vous vous êtes déjà vu à travers une caméra thermique, vous savez que votre corps produit beaucoup de chaleur. C&rsquo;est en fait un déchet de notre métabolisme. Chaque mètre carré du corps humain dégage de la chaleur équivalente à environ 19 allumettes par heure.</p>
<p data-sourcepos="5:1-5:413">Malheureusement, une grande partie de cette chaleur s&rsquo;échappe simplement dans l&rsquo;atmosphère. Ne serait-ce pas génial si nous pouvions l&rsquo;exploiter pour produire de l&rsquo;énergie ? Mes recherches ont montré que cela serait en effet possible. Mes collègues et moi sommes en train de découvrir des moyens de capturer et de stocker la chaleur corporelle pour la production d&rsquo;énergie, en utilisant des matériaux écologiques.</p>
<p data-sourcepos="7:1-7:371">L&rsquo;objectif est de créer un appareil capable à la fois de générer et de stocker de l&rsquo;énergie, agissant comme une batterie intégrée pour la technologie portable. Cela pourrait permettre à des appareils tels que les montres intelligentes, les trackers de fitness ou les GPS de fonctionner beaucoup plus longtemps, voire indéfiniment, en exploitant la chaleur de notre corps.</p>
<p data-sourcepos="9:1-9:262">Ce ne sont pas seulement nos corps qui produisent de la chaleur perdue. Dans notre monde technologique avancé, une quantité importante de chaleur perdue est générée quotidiennement, depuis les moteurs de nos véhicules jusqu&rsquo;aux machines qui fabriquent des biens.</p>
<p data-sourcepos="11:1-11:372">En règle générale, cette chaleur est également rejetée dans l&rsquo;atmosphère, représentant une importante perte d&rsquo;énergie. Le concept émergent de « récupération de chaleur perdue » vise à remédier à cette inefficacité. En exploitant cette énergie autrement gaspillée, les industries peuvent améliorer leur efficacité opérationnelle et contribuer à un environnement plus durable.</p>
<p data-sourcepos="13:1-13:312">L&rsquo;effet thermoélectrique est un phénomène qui peut aider à transformer la chaleur en électricité. Cela fonctionne en faisant en sorte qu&rsquo;une différence de température produise un potentiel électrique, les électrons se déplaçant du côté chaud vers le côté froid, générant ainsi de l&rsquo;énergie électrique utilisable.</p>
<p data-sourcepos="15:1-15:230">Cependant, les matériaux thermoélectriques conventionnels sont souvent fabriqués à partir de cadmium, de plomb ou de mercure. Ceux-ci présentent des risques environnementaux et sanitaires qui limitent leurs applications pratiques.</p>
<p data-sourcepos="17:1-18:154">Le pouvoir du bois Mais nous avons découvert que vous pouvez également créer des matériaux thermoélectriques à partir de bois &#8211; offrant une alternative plus sûre et durable.</p>
<p data-sourcepos="20:1-20:327">Le bois fait partie intégrante des civilisations humaines depuis des siècles, servant de source de matériaux de construction et de combustible. Nous sommes en train de découvrir le potentiel des matériaux dérivés du bois pour convertir la chaleur perdue, souvent perdue dans les processus industriels, en électricité précieuse.</p>
<p data-sourcepos="22:1-22:197">Cette approche non seulement améliore l&rsquo;efficacité énergétique, mais redéfinit également notre vision des matériaux quotidiens en tant que composants essentiels des solutions énergétiques durables.</p>
<p data-sourcepos="24:1-24:285">Notre équipe de l&rsquo;Université de Limerick, en collaboration avec l&rsquo;Université de Valence, a développé une méthode durable pour convertir la chaleur perdue en électricité en utilisant des produits du bois irlandais, notamment la lignine, qui est un sous-produit de l&rsquo;industrie du papier.</p>
<p data-sourcepos="26:1-26:350">Notre étude montre que les membranes à base de lignine, lorsqu&rsquo;elles sont trempées dans une solution saline, peuvent convertir efficacement la chaleur perdue à basse température (inférieure à 200 °C) en électricité. La différence de température à travers la membrane de lignine provoque le mouvement des ions (atomes chargés) dans la solution saline.</p>
<p data-sourcepos="28:1-28:281">Les ions positifs se déplacent vers le côté le plus froid, tandis que les ions négatifs se déplacent vers le côté le plus chaud. Cette séparation des charges crée une différence de potentiel électrique à travers la membrane, qui peut être exploitée sous forme d&rsquo;énergie électrique.</p>
<p data-sourcepos="30:1-30:203">Étant donné qu&rsquo;environ 66 % de la chaleur perdue industrielle se situe dans cette plage de température, cette innovation représente une opportunité importante pour des solutions énergétiques écologiques.</p>
<p data-sourcepos="32:1-32:382">Cette nouvelle technologie a le potentiel de faire une grande différence dans de nombreux domaines. Des industries telles que la fabrication, qui produisent de grandes quantités de chaleur résiduelle, pourraient bénéficier considérablement en transformant cette chaleur perdue en électricité. Cela les aiderait à économiser de l&rsquo;énergie et à réduire leur impact sur l&rsquo;environnement.</p>
<p data-sourcepos="34:1-34:354">Cette technologie pourrait trouver des applications dans divers contextes, de l&rsquo;alimentation en énergie dans les zones reculées à l&rsquo;alimentation de capteurs et de dispositifs dans les applications quotidiennes. Sa nature écologique en fait également une solution prometteuse pour la production d&rsquo;énergie durable dans les bâtiments et les infrastructures.</p>
<p data-sourcepos="36:1-37:330">Le problème du stockage Capturer l&rsquo;énergie de la chaleur perdue n&rsquo;est que la première étape; le stocker efficacement est tout aussi critique. Les supercondensateurs sont des dispositifs de stockage d&rsquo;énergie qui chargent et déchargent rapidement l&rsquo;électricité. Cela les rend essentiels pour les applications nécessitant une livraison rapide de puissance.</p>
<p data-sourcepos="39:1-39:204">Cependant, leur dépendance aux matériaux carbonés dérivés des combustibles fossiles soulève des préoccupations environnementales, soulignant la nécessité d&rsquo;alternatives renouvelables dans leur production.</p>
<p data-sourcepos="41:1-41:252">Notre groupe de recherche a découvert que le carbone poreux à base de lignine peut servir d&rsquo;électrode dans les supercondensateurs pour le stockage de l&rsquo;énergie générée à partir de la récupération de la chaleur perdue à l&rsquo;aide d&rsquo;une membrane de lignine.</p>
<p data-sourcepos="43:1-43:432">Ce processus permet à la membrane de lignine de capturer et de convertir la chaleur perdue en énergie électrique, tandis que la structure poreuse du carbone facilite le mouvement et le stockage rapides des ions. En offrant une alternative verte qui évite les produits chimiques nocifs et la dépendance aux combustibles fossiles, cette approche offre une solution durable pour le stockage de l&rsquo;énergie provenant de la chaleur perdue.</p>
<p data-sourcepos="45:1-45:183">Cette innovation dans la technologie de stockage d&rsquo;énergie pourrait alimenter tout, de l&rsquo;électronique grand public aux technologies portables en passant par les véhicules électriques.</p>
<p data-sourcepos="47:1-47:72">Muhammad Muddasar, doctorant, École d&rsquo;ingénierie, Université de Limerick</p>
<p>L’article <a href="/une-nouvelle-decouverte-ouvre-la-voie-a-la-generation-denergie-a-partir-de-la-chaleur-corporelle/">Une nouvelle découverte ouvre la voie à la génération d&rsquo;énergie à partir de la chaleur corporelle</a> est apparu en premier sur <a href="/">pense</a>.</p>
]]></content:encoded>
					
					<wfw:commentRss>/une-nouvelle-decouverte-ouvre-la-voie-a-la-generation-denergie-a-partir-de-la-chaleur-corporelle/feed/</wfw:commentRss>
			<slash:comments>0</slash:comments>
		
		
		<media:content url="https://www.sciencealert.com/images/2024/11/HandThroughThermalCamera.jpg" medium="image"></media:content>
				</item>
	</channel>
</rss>
