<?xml version="1.0" encoding="UTF-8"?><rss version="2.0"
	xmlns:media="http://search.yahoo.com/mrss/"
	xmlns:content="http://purl.org/rss/1.0/modules/content/"
	xmlns:wfw="http://wellformedweb.org/CommentAPI/"
	xmlns:dc="http://purl.org/dc/elements/1.1/"
	xmlns:atom="http://www.w3.org/2005/Atom"
	xmlns:sy="http://purl.org/rss/1.0/modules/syndication/"
	xmlns:slash="http://purl.org/rss/1.0/modules/slash/"
	>

<channel>
	<title>Archives des https://www.sciencealert.com/images/2024/11/MosquitoBite.jpg - pense</title>
	<atom:link href="/tag/https-www-sciencealert-com-images-2024-11-mosquitobite-jpg/feed/" rel="self" type="application/rss+xml" />
	<link>/tag/https-www-sciencealert-com-images-2024-11-mosquitobite-jpg/</link>
	<description></description>
	<lastBuildDate>Mon, 09 Dec 2024 08:53:52 +0000</lastBuildDate>
	<language>fr-FR</language>
	<sy:updatePeriod>
	hourly	</sy:updatePeriod>
	<sy:updateFrequency>
	1	</sy:updateFrequency>
	<generator>https://wordpress.org/?v=6.7.1</generator>

<image>
	<url>/wp-content/uploads/2024/12/favicon.png</url>
	<title>Archives des https://www.sciencealert.com/images/2024/11/MosquitoBite.jpg - pense</title>
	<link>/tag/https-www-sciencealert-com-images-2024-11-mosquitobite-jpg/</link>
	<width>32</width>
	<height>32</height>
</image> 
	<item>
		<title>A Promising New Malaria Vaccine Delivered by Mosquito Bite</title>
		<link>/a-promising-new-malaria-vaccine-delivered-by-mosquito-bite/</link>
					<comments>/a-promising-new-malaria-vaccine-delivered-by-mosquito-bite/#respond</comments>
		
		<dc:creator><![CDATA[ApkF]]></dc:creator>
		<pubDate>Mon, 09 Dec 2024 08:53:34 +0000</pubDate>
				<category><![CDATA[Santé]]></category>
		<category><![CDATA[https://www.sciencealert.com/images/2024/11/MosquitoBite.jpg]]></category>
		<guid isPermaLink="false">/?p=114</guid>

					<description><![CDATA[<p>Mosquitoes, often associated with spreading malaria, could now become a tool to prevent it. Scientists have successfully used mosquitoes to administer a promising new vaccine that offers significantly better protection against the disease than existing options. This innovative vaccine, a second-generation version, has shown remarkable results: eight out of nine young adults vaccinated were protected &#8230;</p>
<p>L’article <a href="/a-promising-new-malaria-vaccine-delivered-by-mosquito-bite/">A Promising New Malaria Vaccine Delivered by Mosquito Bite</a> est apparu en premier sur <a href="/">pense</a>.</p>
]]></description>
										<content:encoded><![CDATA[<p data-sourcepos="3:1-3:265"><strong>Mosquitoes, often associated with spreading malaria, could now become a tool to prevent it.</strong> Scientists have successfully used mosquitoes to administer a promising new vaccine that offers significantly better protection against the disease than existing options.</p>
<p data-sourcepos="5:1-5:240">This innovative vaccine, a second-generation version, has shown remarkable results: eight out of nine young adults vaccinated were protected from malaria, a significant improvement over the one in eight success rate of the previous vaccine.</p>
<p data-sourcepos="7:1-7:362"><strong>The vaccine, developed by researchers from Leiden University and Radboud University in the Netherlands, employs a genetically weakened version of the <em>Plasmodium falciparum</em> parasite, the culprit behind malaria in humans.</strong> This modified parasite, known as GA2, is incapable of causing the disease but effectively primes the body&rsquo;s immune system to combat it.</p>
<p data-sourcepos="9:1-9:337">« These weakened parasites are delivered through a mosquito bite and reach the human liver as usual, » explains vaccinologist Meta Roestenberg from Leiden University. « However, due to the deactivated gene, the parasite cannot complete its development in the liver, preventing it from entering the bloodstream and causing disease symptoms. »</p>
<p data-sourcepos="9:1-9:337"><img decoding="async" src="data:image/gif;base64,R0lGODlhAQABAIAAAAAAAP///ywAAAAAAQABAAACAUwAOw==" fifu-lazy="1" fifu-data-sizes="auto" fifu-data-srcset="https://i3.wp.com/www.sciencealert.com/images/2024/11/VaccineChart-600x434.jpg?ssl=1&w=75&resize=75&ssl=1 75w, https://i3.wp.com/www.sciencealert.com/images/2024/11/VaccineChart-600x434.jpg?ssl=1&w=100&resize=100&ssl=1 100w, https://i3.wp.com/www.sciencealert.com/images/2024/11/VaccineChart-600x434.jpg?ssl=1&w=150&resize=150&ssl=1 150w, https://i3.wp.com/www.sciencealert.com/images/2024/11/VaccineChart-600x434.jpg?ssl=1&w=240&resize=240&ssl=1 240w, https://i3.wp.com/www.sciencealert.com/images/2024/11/VaccineChart-600x434.jpg?ssl=1&w=320&resize=320&ssl=1 320w, https://i3.wp.com/www.sciencealert.com/images/2024/11/VaccineChart-600x434.jpg?ssl=1&w=500&resize=500&ssl=1 500w, https://i3.wp.com/www.sciencealert.com/images/2024/11/VaccineChart-600x434.jpg?ssl=1&w=640&resize=640&ssl=1 640w, https://i3.wp.com/www.sciencealert.com/images/2024/11/VaccineChart-600x434.jpg?ssl=1&w=800&resize=800&ssl=1 800w, https://i3.wp.com/www.sciencealert.com/images/2024/11/VaccineChart-600x434.jpg?ssl=1&w=1024&resize=1024&ssl=1 1024w, https://i3.wp.com/www.sciencealert.com/images/2024/11/VaccineChart-600x434.jpg?ssl=1&w=1280&resize=1280&ssl=1 1280w, https://i3.wp.com/www.sciencealert.com/images/2024/11/VaccineChart-600x434.jpg?ssl=1&w=1600&resize=1600&ssl=1 1600w" class="aligncenter" fifu-data-src="https://i3.wp.com/www.sciencealert.com/images/2024/11/VaccineChart-600x434.jpg?ssl=1" /></p>
<p data-sourcepos="11:1-11:354">Intriguingly, the slower development of the GA2 parasite within the body seems to enhance its effectiveness. It takes nearly a week for <em>P. falciparum</em> to mature inside the liver with GA2, compared to just 24 hours with the previous version (GA1). This extended timeline allows the immune system more ample opportunity to recognize and combat the threat.</p>
<p data-sourcepos="13:1-13:250">The study revealed that the GA2 vaccine triggers a more robust and diverse immune response, potentially explaining its superior efficacy. Understanding the mechanisms behind this enhanced response will aid researchers in further refining the vaccine.</p>
<p data-sourcepos="15:1-15:188">While the vaccine was generally well-tolerated, with minor side effects like redness and itching at the bite site, all participants received a course of anti-malaria drugs after the study.</p>
<p data-sourcepos="17:1-17:344"><strong>While significant progress has been made in combating malaria, with strategies ranging from source reduction to human protection, the disease remains a major global health challenge.</strong> Nearly 250 million cases and hundreds of thousands of deaths are reported annually, and current vaccines offer limited protection, often waning after a year.</p>
<p data-sourcepos="19:1-19:205">While the mosquito bite delivery system is a valuable research tool, it&rsquo;s not a practical method for widespread vaccine deployment. Nevertheless, the success of the GA2 vaccine is a promising step forward.</p>
<p data-sourcepos="21:1-21:221">« The results of our trial with the new weakened GA2 parasite are highly encouraging, » says clinical microbiologist Matthew McCall from Radboud University. « We are now planning to test this vaccine in real-world settings. »</p>
<p>L’article <a href="/a-promising-new-malaria-vaccine-delivered-by-mosquito-bite/">A Promising New Malaria Vaccine Delivered by Mosquito Bite</a> est apparu en premier sur <a href="/">pense</a>.</p>
]]></content:encoded>
					
					<wfw:commentRss>/a-promising-new-malaria-vaccine-delivered-by-mosquito-bite/feed/</wfw:commentRss>
			<slash:comments>0</slash:comments>
		
		
		<media:content url="https://www.sciencealert.com/images/2024/11/MosquitoBite.jpg" medium="image"></media:content>
				</item>
	</channel>
</rss>
