<?xml version="1.0" encoding="UTF-8"?><rss version="2.0"
	xmlns:media="http://search.yahoo.com/mrss/"
	xmlns:content="http://purl.org/rss/1.0/modules/content/"
	xmlns:dc="http://purl.org/dc/elements/1.1/"
	xmlns:atom="http://www.w3.org/2005/Atom"
	xmlns:sy="http://purl.org/rss/1.0/modules/syndication/"
	
	>
<channel>
	<title>
	Commentaires sur : Les physiciens brassent un supersolide pour la première fois, prouvant sa nature duale bizarre	</title>
	<atom:link href="/les-physiciens-brassent-un-supersolide-pour-la-premiere-fois-prouvant-sa-nature-duale-bizarre/feed/" rel="self" type="application/rss+xml" />
	<link>/les-physiciens-brassent-un-supersolide-pour-la-premiere-fois-prouvant-sa-nature-duale-bizarre/</link>
	<description></description>
	<lastBuildDate>Mon, 09 Dec 2024 09:10:09 +0000</lastBuildDate>
	<sy:updatePeriod>
	hourly	</sy:updatePeriod>
	<sy:updateFrequency>
	1	</sy:updateFrequency>
	<generator>https://wordpress.org/?v=6.7.1</generator>
</channel>
</rss>
