<?xml version="1.0" encoding="UTF-8"?><rss version="2.0"
	xmlns:media="http://search.yahoo.com/mrss/"
	xmlns:content="http://purl.org/rss/1.0/modules/content/"
	xmlns:dc="http://purl.org/dc/elements/1.1/"
	xmlns:atom="http://www.w3.org/2005/Atom"
	xmlns:sy="http://purl.org/rss/1.0/modules/syndication/"
	
	>
<channel>
	<title>
	Commentaires sur : Les ordinateurs trouvent une solution impossible, battant la technologie quantique à son propre jeu	</title>
	<atom:link href="/les-ordinateurs-trouvent-une-solution-impossible-battant-la-technologie-quantique-a-son-propre-jeu/feed/" rel="self" type="application/rss+xml" />
	<link>/les-ordinateurs-trouvent-une-solution-impossible-battant-la-technologie-quantique-a-son-propre-jeu/</link>
	<description></description>
	<lastBuildDate>Sun, 08 Dec 2024 15:03:25 +0000</lastBuildDate>
	<sy:updatePeriod>
	hourly	</sy:updatePeriod>
	<sy:updateFrequency>
	1	</sy:updateFrequency>
	<generator>https://wordpress.org/?v=6.7.1</generator>
</channel>
</rss>
