<?xml version="1.0" encoding="UTF-8"?><rss version="2.0"
	xmlns:media="http://search.yahoo.com/mrss/"
	xmlns:content="http://purl.org/rss/1.0/modules/content/"
	xmlns:dc="http://purl.org/dc/elements/1.1/"
	xmlns:atom="http://www.w3.org/2005/Atom"
	xmlns:sy="http://purl.org/rss/1.0/modules/syndication/"
	
	>
<channel>
	<title>
	Commentaires sur : Une faible consommation de sucre dans les 1 000 premiers jours du bébé réduit le risque de maladies chroniques, selon une étude de l&#8217;époque de la guerre	</title>
	<atom:link href="/une-faible-consommation-de-sucre-dans-les-1-000-premiers-jours-du-bebe-reduit-le-risque-de-maladies-chroniques-selon-une-etude-de-lepoque-de-la-guerre/feed/" rel="self" type="application/rss+xml" />
	<link>/une-faible-consommation-de-sucre-dans-les-1-000-premiers-jours-du-bebe-reduit-le-risque-de-maladies-chroniques-selon-une-etude-de-lepoque-de-la-guerre/</link>
	<description></description>
	<lastBuildDate>Sun, 08 Dec 2024 17:55:08 +0000</lastBuildDate>
	<sy:updatePeriod>
	hourly	</sy:updatePeriod>
	<sy:updateFrequency>
	1	</sy:updateFrequency>
	<generator>https://wordpress.org/?v=6.7.1</generator>
</channel>
</rss>
