<?xml version="1.0" encoding="UTF-8"?><rss version="2.0"
	xmlns:media="http://search.yahoo.com/mrss/"
	xmlns:content="http://purl.org/rss/1.0/modules/content/"
	xmlns:dc="http://purl.org/dc/elements/1.1/"
	xmlns:atom="http://www.w3.org/2005/Atom"
	xmlns:sy="http://purl.org/rss/1.0/modules/syndication/"
	
	>
<channel>
	<title>
	Commentaires sur : Nous savons enfin ce qui a allumé les lumières à l&#8217;aube des temps	</title>
	<atom:link href="/nous-savons-enfin-ce-qui-a-allume-les-lumieres-a-laube-des-temps/feed/" rel="self" type="application/rss+xml" />
	<link>/nous-savons-enfin-ce-qui-a-allume-les-lumieres-a-laube-des-temps/</link>
	<description></description>
	<lastBuildDate>Sun, 08 Dec 2024 17:46:44 +0000</lastBuildDate>
	<sy:updatePeriod>
	hourly	</sy:updatePeriod>
	<sy:updateFrequency>
	1	</sy:updateFrequency>
	<generator>https://wordpress.org/?v=6.7.1</generator>
</channel>
</rss>
