<?xml version="1.0" encoding="UTF-8"?><rss version="2.0"
	xmlns:media="http://search.yahoo.com/mrss/"
	xmlns:content="http://purl.org/rss/1.0/modules/content/"
	xmlns:wfw="http://wellformedweb.org/CommentAPI/"
	xmlns:dc="http://purl.org/dc/elements/1.1/"
	xmlns:atom="http://www.w3.org/2005/Atom"
	xmlns:sy="http://purl.org/rss/1.0/modules/syndication/"
	xmlns:slash="http://purl.org/rss/1.0/modules/slash/"
	>

<channel>
	<title>Archives des Humaines - pense</title>
	<atom:link href="/category/humaines/feed/" rel="self" type="application/rss+xml" />
	<link>/category/humaines/</link>
	<description></description>
	<lastBuildDate>Mon, 09 Dec 2024 08:58:19 +0000</lastBuildDate>
	<language>fr-FR</language>
	<sy:updatePeriod>
	hourly	</sy:updatePeriod>
	<sy:updateFrequency>
	1	</sy:updateFrequency>
	<generator>https://wordpress.org/?v=6.7.1</generator>

<image>
	<url>/wp-content/uploads/2024/12/favicon.png</url>
	<title>Archives des Humaines - pense</title>
	<link>/category/humaines/</link>
	<width>32</width>
	<height>32</height>
</image> 
	<item>
		<title>Des fossiles mystérieux suggèrent que les Néandertaliens étaient capables de pensée abstraite</title>
		<link>/des-fossiles-mysterieux-suggerent-que-les-neandertaliens-etaient-capables-de-pensee-abstraite/</link>
					<comments>/des-fossiles-mysterieux-suggerent-que-les-neandertaliens-etaient-capables-de-pensee-abstraite/#respond</comments>
		
		<dc:creator><![CDATA[ApkF]]></dc:creator>
		<pubDate>Mon, 09 Dec 2024 08:58:19 +0000</pubDate>
				<category><![CDATA[Humaines]]></category>
		<guid isPermaLink="false">/?p=123</guid>

					<description><![CDATA[<p>Une nouvelle analyse de fossiles découverts dans une grotte espagnole suggère que les Néandertaliens étaient capables de pensée abstraite, avant toute interaction avec Homo sapiens. Au total, 15 petits fossiles marins ont été trouvés dans la grotte de Prado Vargas à Burgos, et selon des chercheurs de l&#8217;Université de Burgos et de l&#8217;Université de Malaga &#8230;</p>
<p>L’article <a href="/des-fossiles-mysterieux-suggerent-que-les-neandertaliens-etaient-capables-de-pensee-abstraite/">Des fossiles mystérieux suggèrent que les Néandertaliens étaient capables de pensée abstraite</a> est apparu en premier sur <a href="/">pense</a>.</p>
]]></description>
										<content:encoded><![CDATA[<p data-sourcepos="3:1-3:181">Une nouvelle analyse de fossiles découverts dans une grotte espagnole suggère que les Néandertaliens étaient capables de pensée abstraite, avant toute interaction avec Homo sapiens.</p>
<p data-sourcepos="5:1-5:249">Au total, 15 petits fossiles marins ont été trouvés dans la grotte de Prado Vargas à Burgos, et selon des chercheurs de l&rsquo;Université de Burgos et de l&rsquo;Université de Malaga en Espagne, la majorité d&rsquo;entre eux n&rsquo;auraient eu que peu de valeur pratique.</p>
<p data-sourcepos="7:1-7:326">Cela signifie que ces créatures marines fossilisées étaient très probablement des objets de collection, délibérément rassemblés par les anciens hominidés dans un but autre que l&rsquo;utilité essentielle. Cela pointe vers la pensée abstraite, la capacité de penser au-delà de l&rsquo;expérience actuelle et immédiate, un trait humain clé.</p>
<p data-sourcepos="9:1-9:75">L&#8217;emplacement de la grotte de Prado Vargas. (Ruiz et al., Quaternary, 2024)</p>
<p data-sourcepos="9:1-9:75"><img decoding="async" src="data:image/gif;base64,R0lGODlhAQABAIAAAAAAAP///ywAAAAAAQABAAACAUwAOw==" fifu-lazy="1" fifu-data-sizes="auto" fifu-data-srcset="https://i3.wp.com/www.sciencealert.com/images/2024/11/CaveMap.jpg?ssl=1&w=75&resize=75&ssl=1 75w, https://i3.wp.com/www.sciencealert.com/images/2024/11/CaveMap.jpg?ssl=1&w=100&resize=100&ssl=1 100w, https://i3.wp.com/www.sciencealert.com/images/2024/11/CaveMap.jpg?ssl=1&w=150&resize=150&ssl=1 150w, https://i3.wp.com/www.sciencealert.com/images/2024/11/CaveMap.jpg?ssl=1&w=240&resize=240&ssl=1 240w, https://i3.wp.com/www.sciencealert.com/images/2024/11/CaveMap.jpg?ssl=1&w=320&resize=320&ssl=1 320w, https://i3.wp.com/www.sciencealert.com/images/2024/11/CaveMap.jpg?ssl=1&w=500&resize=500&ssl=1 500w, https://i3.wp.com/www.sciencealert.com/images/2024/11/CaveMap.jpg?ssl=1&w=640&resize=640&ssl=1 640w, https://i3.wp.com/www.sciencealert.com/images/2024/11/CaveMap.jpg?ssl=1&w=800&resize=800&ssl=1 800w, https://i3.wp.com/www.sciencealert.com/images/2024/11/CaveMap.jpg?ssl=1&w=1024&resize=1024&ssl=1 1024w, https://i3.wp.com/www.sciencealert.com/images/2024/11/CaveMap.jpg?ssl=1&w=1280&resize=1280&ssl=1 1280w, https://i3.wp.com/www.sciencealert.com/images/2024/11/CaveMap.jpg?ssl=1&w=1600&resize=1600&ssl=1 1600w" class="aligncenter" fifu-data-src="https://i3.wp.com/www.sciencealert.com/images/2024/11/CaveMap.jpg?ssl=1" alt="Cave map" /></p>
<p data-sourcepos="11:1-11:238">« Les fossiles, à une exception près, ne montrent aucune trace d&rsquo;avoir été utilisés comme outils », écrivent les chercheurs dans leur article publié. « Ainsi, leur présence dans la grotte pourrait être attribuée à des activités de collecte. »</p>
<p data-sourcepos="13:1-13:248">« Ces activités pourraient être motivées par de nombreuses causes tangibles et intangibles, ce qui suggère que les activités de collecte et la pensée abstraite associée étaient présentes chez les Néandertaliens avant l&rsquo;arrivée des humains modernes. »</p>
<p data-sourcepos="15:1-15:77">Plus nous découvrons nos cousins ​​lointains, plus ils semblent intelligents.</p>
<p data-sourcepos="17:1-17:297">Ce n&rsquo;est pas la première fois que des Néandertaliens sont retrouvés en train de collecter des objets qui ne sont pas des outils, mais cette récolte est plus importante que les précédentes. Datés d&rsquo;environ 39 800 à 54 600 ans, les fossiles semblent avoir fait partie d&rsquo;un camp communautaire établi.</p>
<p data-sourcepos="19:1-19:309">Cependant, il est difficile d&rsquo;identifier laquelle des « causes tangibles et intangibles » s&rsquo;applique ici. Les chercheurs évoquent la possibilité qu&rsquo;ils aient eu une valeur ornementale, aient été utilisés dans le troc, aient donné une identité culturelle au groupe ou aient peut-être été collectés comme cadeaux.</p>
<p data-sourcepos="21:1-21:278">Ils auraient même pu être des jouets pour enfants, car il existe des preuves de la présence d&rsquo;enfants dans la grotte. En bref, les raisons de la collection sont potentiellement aussi variées que les raisons pour lesquelles nous continuons à collectionner des objets aujourd&rsquo;hui.</p>
<p data-sourcepos="23:1-23:69">Une sélection des fossiles récupérés. (Ruiz et al., Quaternary, 2024)</p>
<p data-sourcepos="25:1-25:269">« Ils ont pu être trouvés intentionnellement ou par hasard, mais leur transport vers la grotte doit avoir été délibéré, impliquant une impulsion à collecter ces fossiles », écrivent les chercheurs. « Dans les deux cas, ils représenteraient une signification particulière. »</p>
<p data-sourcepos="27:1-27:257">Quelle que soit l&rsquo;utilisation de ces objets de collection, il est significatif qu&rsquo;il n&rsquo;y ait aucune preuve d&rsquo;activité humaine précoce dans cette région à la même époque ; il semble que ce soit un comportement que les Néandertaliens ont développé tout seuls.</p>
<p data-sourcepos="29:1-29:379">Notre inclination à collectionner remonte très, très loin &#8211; peut-être jusqu&rsquo;à un demi-million d&rsquo;années &#8211; mais il y a beaucoup de débats sur le moment où cela a réellement commencé et avec quelle espèce. La récolte de fossiles de Prado Vargas offre un nouvel aperçu fascinant du calendrier de la collecte et de la considération de concepts au-delà de l&rsquo;ici et maintenant immédiat.</p>
<p data-sourcepos="31:1-31:256">« Ces fossiles peuvent être compris comme une preuve d&rsquo;un intérêt artistique ou d&rsquo;une attraction ou curiosité pour les formes de la nature », écrivent les chercheurs. « Ils n&rsquo;ont pas de but utilitaire et, par conséquent, leur interprétation est controversée. »</p>
<p>L’article <a href="/des-fossiles-mysterieux-suggerent-que-les-neandertaliens-etaient-capables-de-pensee-abstraite/">Des fossiles mystérieux suggèrent que les Néandertaliens étaient capables de pensée abstraite</a> est apparu en premier sur <a href="/">pense</a>.</p>
]]></content:encoded>
					
					<wfw:commentRss>/des-fossiles-mysterieux-suggerent-que-les-neandertaliens-etaient-capables-de-pensee-abstraite/feed/</wfw:commentRss>
			<slash:comments>0</slash:comments>
		
		
		<media:content url="https://www.sciencealert.com/images/2024/11/FossilRange.jpg" medium="image"></media:content>
				</item>
		<item>
		<title>Qu&#8217;est-ce que l&#8217;alexithymie ? Un guide sur l&#8217;expérience cachée de millions de personnes</title>
		<link>/quest-ce-que-lalexithymie-un-guide-sur-lexperience-cachee-de-millions-de-personnes/</link>
					<comments>/quest-ce-que-lalexithymie-un-guide-sur-lexperience-cachee-de-millions-de-personnes/#respond</comments>
		
		<dc:creator><![CDATA[ApkF]]></dc:creator>
		<pubDate>Sun, 08 Dec 2024 17:57:59 +0000</pubDate>
				<category><![CDATA[Humaines]]></category>
		<guid isPermaLink="false">/?p=108</guid>

					<description><![CDATA[<p>L&#8217;alexithymie est un terme que vous n&#8217;avez peut-être jamais entendu auparavant. Mais il décrit quelque chose que beaucoup de gens expérimentent : des difficultés à identifier, distinguer et exprimer leurs émotions. Cela affecte la façon dont les gens gèrent leurs émotions au travail, dans leurs relations et même en eux-mêmes. Cela peut également modifier la &#8230;</p>
<p>L’article <a href="/quest-ce-que-lalexithymie-un-guide-sur-lexperience-cachee-de-millions-de-personnes/">Qu&rsquo;est-ce que l&rsquo;alexithymie ? Un guide sur l&rsquo;expérience cachée de millions de personnes</a> est apparu en premier sur <a href="/">pense</a>.</p>
]]></description>
										<content:encoded><![CDATA[<p data-sourcepos="5:1-5:129">L&rsquo;alexithymie est un terme que vous n&rsquo;avez peut-être jamais entendu auparavant. Mais il décrit quelque chose que beaucoup de gens expérimentent : des difficultés à identifier, distinguer et exprimer leurs émotions.</p>
<p data-sourcepos="7:1-7:90">Cela affecte la façon dont les gens gèrent leurs émotions au travail, dans leurs relations et même en eux-mêmes. Cela peut également modifier la façon dont une personne analyse son environnement et interagit avec le monde.</p>
<p data-sourcepos="9:1-9:12">Il n&rsquo;est pas facile de dire si quelqu&rsquo;un que vous connaissez souffre d&rsquo;alexithymie. Souvent, une personne peut même ne pas se rendre compte qu&rsquo;elle en souffre elle-même. C&rsquo;est vraiment un phénomène interne qu&rsquo;une personne expérimente.</p>
<p data-sourcepos="11:1-11:199">Le terme « alexithymie » a été décrit pour la première fois dans la recherche dans les années 1970 et il n&rsquo;y a pas de diagnostic clinique. On pense qu&rsquo;il affecte environ 10 % de la population générale.</p>
<p data-sourcepos="13:1-13:59">Le mot lui-même est tiré de racines grecques &#8211; « a » (non), « lexis » (mots) et « thymia » (âme ou émotions) &#8211; et se traduit approximativement par « pas de mots pour les émotions ».</p>
<p data-sourcepos="15:1-15:303">L&rsquo;alexithymie est étroitement liée au sens de l&rsquo;interoception, qui est la capacité à interpréter et à étiqueter ses états internes. Les personnes ayant une interoception réduite,<span class="animating"> également appelée « alexisomie »,</span> ne peuvent pas facilement dire si elles ont faim, soif, sont fatiguées, excitées ou ont mal.</p>
<p data-sourcepos="17:1-17:113">Il est important de souligner que l&rsquo;alexithymie n&rsquo;est pas une expérience universelle. Elle diffère d&rsquo;une personne à l&rsquo;autre. Les personnes autistes, par exemple, en souffrent à un taux plus élevé &#8211; entre 33 % et 66 % par rapport à la population générale.</p>
<p data-sourcepos="19:1-19:308">Elle est également plus fréquente chez les personnes atteintes de trouble obsessionnel-compulsif, de trouble dysphorique prémenstruel, de trouble de stress post-traumatique, d&rsquo;anxiété et de dépression. Certaines personnes ont toujours eu de l&rsquo;alexithymie, tandis que d&rsquo;autres l&rsquo;acquièrent par le traumatisme.</p>
<p data-sourcepos="21:1-21:57">Si une personne n&rsquo;est pas capable d&rsquo;identifier ce qu&rsquo;elle ressent, elle peut être plus susceptible de supprimer ou d&rsquo;ignorer ces sensations corporelles, et moins susceptible d&rsquo;atténuer tout problème. De cette façon, il lui est plus difficile de se réguler émotionnellement et elle peut se sentir plus souvent submergée.</p>
<p data-sourcepos="23:1-23:237">Une caractéristique de l&rsquo;alexithymie est un style de pensée orienté vers l&rsquo;extérieur. C&rsquo;est là que les gens se concentrent sur ce qui se passe autour d&rsquo;eux plutôt que sur leurs propres processus émotionnels pour obtenir des informations.</p>
<p data-sourcepos="25:1-25:244">Une personne alexithymique peut avoir besoin de revenir sur un événement pour comprendre ce qu&rsquo;elle ressentait à ce moment précis grâce à des indices contextuels. Ils adaptent souvent leurs actions pour y faire face dans des situations futures.</p>
<p data-sourcepos="27:1-27:38">(LittleCityLifestylePhotography/Canva)</p>
<p data-sourcepos="29:1-29:227">Pour les personnes autistes en particulier, l&rsquo;alexithymie peut rendre difficile l&rsquo;interprétation des indices sociaux tels que les expressions faciales. Cela peut devenir écrasant et conduire une personne à des crises de colère.</p>
<p data-sourcepos="31:1-31:215">Les personnes alexithymiques peuvent également réagir différemment aux événements qui provoquent généralement des émotions communes, comme la mort d&rsquo;une célébrité ou l&rsquo;annonce d&rsquo;un mariage. Des réactions qui peuvent sembler déplacées aux autres peuvent entraîner des malentendus et de la frustration pour les personnes concernées.</p>
<p data-sourcepos="33:1-34:244">Conscience émotionnelle L&rsquo;alexithymie affecte la façon dont une personne expérimente et interprète les émotions, de la perception des sensations physiques dans le corps à leur identification en tant que sentiments spécifiques et à la décision de la façon d&rsquo;y répondre.</p>
<p data-sourcepos="36:1-36:150">Comprendre à quel point une personne éprouve des difficultés dans ce processus peut aider à déterminer le type de soutien dont elle peut avoir besoin.</p>
<p data-sourcepos="38:1-38:196">Bien que l&rsquo;alexithymie puisse affecter la connexion d&rsquo;une personne à ses émotions, la conscience émotionnelle est une compétence qui peut être développée à l&rsquo;âge adulte et améliorée avec le temps.</p>
<p data-sourcepos="40:1-40:237">S&rsquo;entraîner à nommer les émotions et les sensations physiques est une stratégie qui peut aider les personnes alexithymiques à mieux se comprendre. Une autre consiste à apprendre à identifier comment elles sont représentées dans le corps.</p>
<p>L’article <a href="/quest-ce-que-lalexithymie-un-guide-sur-lexperience-cachee-de-millions-de-personnes/">Qu&rsquo;est-ce que l&rsquo;alexithymie ? Un guide sur l&rsquo;expérience cachée de millions de personnes</a> est apparu en premier sur <a href="/">pense</a>.</p>
]]></content:encoded>
					
					<wfw:commentRss>/quest-ce-que-lalexithymie-un-guide-sur-lexperience-cachee-de-millions-de-personnes/feed/</wfw:commentRss>
			<slash:comments>0</slash:comments>
		
		
		<media:content url="https://www.sciencealert.com/images/2024/11/HumanFaceReflectingInBrokenMirror.jpg" medium="image"></media:content>
				</item>
		<item>
		<title>L&#8217;ADN de Pompéi bouleverse les anciennes hypothèses sur ses victimes</title>
		<link>/ladn-de-pompei-bouleverse-les-anciennes-hypotheses-sur-ses-victimes/</link>
					<comments>/ladn-de-pompei-bouleverse-les-anciennes-hypotheses-sur-ses-victimes/#respond</comments>
		
		<dc:creator><![CDATA[ApkF]]></dc:creator>
		<pubDate>Sun, 08 Dec 2024 17:48:11 +0000</pubDate>
				<category><![CDATA[Humaines]]></category>
		<guid isPermaLink="false">/?p=96</guid>

					<description><![CDATA[<p>La destruction de Pompéi par l&#8217;éruption du Vésuve en 79 après JC est l&#8217;une des catastrophes les mieux documentées de l&#8217;histoire humaine. Les cendres et la pierre ponce qui sont tombées du ciel ont préservé les traces des morts là où ils sont tombés, nous laissant deviner les identités et les relations des personnes figées &#8230;</p>
<p>L’article <a href="/ladn-de-pompei-bouleverse-les-anciennes-hypotheses-sur-ses-victimes/">L&rsquo;ADN de Pompéi bouleverse les anciennes hypothèses sur ses victimes</a> est apparu en premier sur <a href="/">pense</a>.</p>
]]></description>
										<content:encoded><![CDATA[<p data-sourcepos="5:1-5:338">La destruction de Pompéi par l&rsquo;éruption du Vésuve en 79 après JC est l&rsquo;une des catastrophes les mieux documentées de l&rsquo;histoire humaine. Les cendres et la pierre ponce qui sont tombées du ciel ont préservé les traces des morts là où ils sont tombés, nous laissant deviner les identités et les relations des personnes figées dans le temps.</p>
<p data-sourcepos="7:1-7:413">Mais nous, les humains, sommes imparfaits. Nous naviguons dans le monde avec des perceptions et des biais qui obscurcissent nos observations, peu importe nos efforts pour rester objectifs. Une nouvelle analyse de l&rsquo;ADN récupéré sur les victimes de Pompéi révèle que nos hypothèses à leur sujet étaient erronées &#8211; une découverte qui nous donne un aperçu de la vie animée de Pompéi, avant qu&rsquo;un volcan ne l&rsquo;éteigne.</p>
<p data-sourcepos="9:1-9:162">« Les données scientifiques que nous fournissons ne correspondent pas toujours aux hypothèses communes », déclare le généticien David Reich de l&rsquo;Université Harvard.</p>
<p data-sourcepos="11:1-11:453">« Par exemple, un exemple notable est la découverte qu&rsquo;un adulte portant un bracelet en or et tenant un enfant, traditionnellement interprété comme une mère et son enfant, était un homme adulte et un enfant non apparentés. De même, un couple de personnes considérées comme des sœurs ou une mère et une fille s&rsquo;est avéré inclure au moins un homme génétique. Ces découvertes remettent en question les hypothèses traditionnelles sur le genre et la famille. »</p>
<p data-sourcepos="13:1-13:326">Le matériau volcanique déversé sur Pompéi lors de l&rsquo;explosion du Vésuve a agi comme une sorte de processus de fossilisation éclair. Il est tombé sur et autour des morts et des mourants, puis s&rsquo;est solidifié. Lorsque les corps ont succombé au temps et à la décomposition, ils ont laissé des empreintes creuses dans les cendres.</p>
<p data-sourcepos="13:1-13:326"><img decoding="async" src="data:image/gif;base64,R0lGODlhAQABAIAAAAAAAP///ywAAAAAAQABAAACAUwAOw==" fifu-lazy="1" fifu-data-sizes="auto" fifu-data-srcset="https://i2.wp.com/www.sciencealert.com/images/2024/11/pompeii-embracing-men.jpg?ssl=1&w=75&resize=75&ssl=1 75w, https://i2.wp.com/www.sciencealert.com/images/2024/11/pompeii-embracing-men.jpg?ssl=1&w=100&resize=100&ssl=1 100w, https://i2.wp.com/www.sciencealert.com/images/2024/11/pompeii-embracing-men.jpg?ssl=1&w=150&resize=150&ssl=1 150w, https://i2.wp.com/www.sciencealert.com/images/2024/11/pompeii-embracing-men.jpg?ssl=1&w=240&resize=240&ssl=1 240w, https://i2.wp.com/www.sciencealert.com/images/2024/11/pompeii-embracing-men.jpg?ssl=1&w=320&resize=320&ssl=1 320w, https://i2.wp.com/www.sciencealert.com/images/2024/11/pompeii-embracing-men.jpg?ssl=1&w=500&resize=500&ssl=1 500w, https://i2.wp.com/www.sciencealert.com/images/2024/11/pompeii-embracing-men.jpg?ssl=1&w=640&resize=640&ssl=1 640w, https://i2.wp.com/www.sciencealert.com/images/2024/11/pompeii-embracing-men.jpg?ssl=1&w=800&resize=800&ssl=1 800w, https://i2.wp.com/www.sciencealert.com/images/2024/11/pompeii-embracing-men.jpg?ssl=1&w=1024&resize=1024&ssl=1 1024w, https://i2.wp.com/www.sciencealert.com/images/2024/11/pompeii-embracing-men.jpg?ssl=1&w=1280&resize=1280&ssl=1 1280w, https://i2.wp.com/www.sciencealert.com/images/2024/11/pompeii-embracing-men.jpg?ssl=1&w=1600&resize=1600&ssl=1 1600w" class="aligncenter" fifu-data-src="https://i2.wp.com/www.sciencealert.com/images/2024/11/pompeii-embracing-men.jpg?ssl=1" alt="Pompeii DNA Overturns Assumptions About Roles And Relationships in Ancient Rome" /></p>
<p data-sourcepos="15:1-15:94">Deux individus s&#8217;embrassant dans les ruines de Pompéi. (Parc archéologique de Pompéi/CC-BY-SA)</p>
<p data-sourcepos="17:1-17:300">Les ruines ont été redécouvertes au XIXe siècle ; dans les années 1870, du plâtre a été coulé dans les creux pour créer des moulages des corps qui les avaient créés. Mais la forme des corps n&rsquo;était pas la seule chose préservée. Les ossements laissés derrière ont également été scellés dans le plâtre.</p>
<p data-sourcepos="19:1-19:391">Les archéologues qui ont réalisé les moulages au XIXe siècle n&rsquo;auraient pas pu prévoir l&rsquo;émergence des technologies futures ; néanmoins, leur travail s&rsquo;avérerait inestimable plus de 150 ans plus tard. En effet, les moulages nous donnent un contexte pour les détails préservés dans la composition génétique des victimes, ce qui nous aide à comprendre la vie à Pompéi et dans l&rsquo;Italie romaine.</p>
<p data-sourcepos="21:1-21:455">L&rsquo;analyse, dirigée par l&rsquo;archéologue judiciaire Elena Pilli de l&rsquo;Université de Florence en Italie, a été réalisée sur des restes squelettiques fragmentaires provenant de 14 moulages en plâtre, sélectionnés parmi 86 moulages actuellement en cours de restauration. Ce n&rsquo;est pas une tâche facile, comme l&rsquo;a expliqué à ScienceAlert l&rsquo;anthropologue Alissa Mittnik de l&rsquo;Université Harvard et de l&rsquo;Institut Max Planck d&rsquo;anthropologie évolutionniste en Allemagne.</p>
<p data-sourcepos="23:1-23:111">Le moulage en plâtre d&rsquo;un individu pompéien décédé lors de l&rsquo;éruption du Vésuve. (Parc archéologique de Pompéi)</p>
<p data-sourcepos="25:1-25:385">« La chaleur extrême lors de l&rsquo;éruption volcanique et le processus de moulage en plâtre pourraient être néfastes pour la préservation à long terme de l&rsquo;ADN. Dans les analyses génétiques, nous essayons généralement de cibler les éléments squelettiques connus pour préserver exceptionnellement bien l&rsquo;ADN, tels que la partie interne de l&rsquo;oreille du crâne ou les dents », a-t-elle expliqué.</p>
<p data-sourcepos="25:1-25:385"><img decoding="async" src="data:image/gif;base64,R0lGODlhAQABAIAAAAAAAP///ywAAAAAAQABAAACAUwAOw==" fifu-lazy="1" fifu-data-sizes="auto" fifu-data-srcset="https://i0.wp.com/www.sciencealert.com/images/2024/11/pompeii-body-cast-600x448.jpg?ssl=1&w=75&resize=75&ssl=1 75w, https://i0.wp.com/www.sciencealert.com/images/2024/11/pompeii-body-cast-600x448.jpg?ssl=1&w=100&resize=100&ssl=1 100w, https://i0.wp.com/www.sciencealert.com/images/2024/11/pompeii-body-cast-600x448.jpg?ssl=1&w=150&resize=150&ssl=1 150w, https://i0.wp.com/www.sciencealert.com/images/2024/11/pompeii-body-cast-600x448.jpg?ssl=1&w=240&resize=240&ssl=1 240w, https://i0.wp.com/www.sciencealert.com/images/2024/11/pompeii-body-cast-600x448.jpg?ssl=1&w=320&resize=320&ssl=1 320w, https://i0.wp.com/www.sciencealert.com/images/2024/11/pompeii-body-cast-600x448.jpg?ssl=1&w=500&resize=500&ssl=1 500w, https://i0.wp.com/www.sciencealert.com/images/2024/11/pompeii-body-cast-600x448.jpg?ssl=1&w=640&resize=640&ssl=1 640w, https://i0.wp.com/www.sciencealert.com/images/2024/11/pompeii-body-cast-600x448.jpg?ssl=1&w=800&resize=800&ssl=1 800w, https://i0.wp.com/www.sciencealert.com/images/2024/11/pompeii-body-cast-600x448.jpg?ssl=1&w=1024&resize=1024&ssl=1 1024w, https://i0.wp.com/www.sciencealert.com/images/2024/11/pompeii-body-cast-600x448.jpg?ssl=1&w=1280&resize=1280&ssl=1 1280w, https://i0.wp.com/www.sciencealert.com/images/2024/11/pompeii-body-cast-600x448.jpg?ssl=1&w=1600&resize=1600&ssl=1 1600w" class="aligncenter" fifu-data-src="https://i0.wp.com/www.sciencealert.com/images/2024/11/pompeii-body-cast-600x448.jpg?ssl=1" /></p>
<p data-sourcepos="27:1-27:379">« Dans cette étude, nous avons dû être moins sélectifs, car nous n&rsquo;avons pu prélever des échantillons que sur les parties des squelettes exposées dans les moulages endommagés en cours de restauration. La difficulté d&rsquo;obtenir de l&rsquo;ADN ancien dans ces circonstances est évidente dans le fait que seulement six des 14 individus échantillonnés nous ont fourni des données génétiques. »</p>
<p data-sourcepos="29:1-29:111">Mais ces six individus ont suffi à remettre en question ce que nous pensions savoir sur les victimes de Pompéi.</p>
<p data-sourcepos="31:1-31:444">Les moulages sont excellents, mais pas parfaits, et les détails peuvent être un peu difficiles à évaluer, à l&rsquo;œil nu, donc les archéologues se sont appuyés sur d&rsquo;autres indices. Le bracelet en or ostentatoire porté par la personne qui embrassait un enfant était considéré comme un bijou de femme. La tendre affection avec laquelle chaque paire s&#8217;embrassait était interprétée comme féminine. Ces deux hypothèses, il s&rsquo;avère, étaient incorrectes.</p>
<p data-sourcepos="33:1-33:78">Quatre individus de la Maison du Bracelet d&rsquo;Or. (Parc archéologique de Pompéi)</p>
<p data-sourcepos="35:1-35:239">À la Maison du Bracelet d&rsquo;Or, quatre individus interprétés comme parents et leurs deux enfants n&rsquo;étaient pas génétiquement liés les uns aux autres. Au moins un individu dans la paire étreinte était un homme &#8211; et probablement l&rsquo;autre aussi.</p>
<p data-sourcepos="37:1-37:116">Les découvertes suggèrent une société beaucoup plus profonde et complexe que ce que nous avions imaginé pour Pompéi.</p>
<p data-sourcepos="39:1-39:350">« J&rsquo;avais rencontré les récits conventionnels entourant certains de ces groupes de victimes avant de les étudier scientifiquement et ils me semblaient plausibles, donc j&rsquo;ai été assez surpris de voir que les résultats génétiques ont révélé qu&rsquo;il y a plus dans l&rsquo;histoire de ces personnes que &lsquo;ce qui rencontre l&rsquo;œil' », a déclaré Mittnik à ScienceAlert.</p>
<p data-sourcepos="41:1-41:205">« Les résultats nous amènent à reconsidérer les interprétations simplistes du genre et de la dynamique familiale dans la société romaine qui pourraient ne pas refléter les intuitions occidentales modernes. »</p>
<p data-sourcepos="43:1-43:304">Les analyses ont également révélé une plus grande diversité génétique à Pompéi qu&rsquo;on ne le soupçonnait. Les individus étudiés descendaient principalement d&rsquo;immigrants relativement récents du Moyen-Orient et du Proche-Orient, plutôt que des personnes qui vivaient dans la région locale depuis des siècles.</p>
<p data-sourcepos="45:1-45:234">Cela est similaire à la diversité observée plus largement dans la région romaine de l&rsquo;Italie occidentale, reflétant les premières incursions dans la mondialisation, facilitées par le renforcement du commerce à travers l&rsquo;Empire romain.</p>
<p data-sourcepos="47:1-47:350">Et ce ne sont que six individus dans une ville de milliers d&rsquo;habitants. C&rsquo;est un résultat stupéfiant. Non seulement cela nous donne un nouveau regard sur la vie des gens qui ont vécu il y a des milliers d&rsquo;années, mais c&rsquo;est un rappel sérieux d&rsquo;essayer de vérifier nos préjugés à la porte si nous voulons mener une étude précise de l&rsquo;histoire humaine.</p>
<p data-sourcepos="49:1-49:361">« Bien que nos résultats nous permettent de remettre en question certains des récits traditionnels, nous devons faire attention à ne pas répéter la même erreur », a déclaré Mittnik à ScienceAlert. « Au contraire, nos résultats soulignent l&rsquo;importance d&rsquo;intégrer diverses lignes de preuves et de ne pas surimposer des hypothèses modernes sur des contextes anciens. »</p>
<p>L’article <a href="/ladn-de-pompei-bouleverse-les-anciennes-hypotheses-sur-ses-victimes/">L&rsquo;ADN de Pompéi bouleverse les anciennes hypothèses sur ses victimes</a> est apparu en premier sur <a href="/">pense</a>.</p>
]]></content:encoded>
					
					<wfw:commentRss>/ladn-de-pompei-bouleverse-les-anciennes-hypotheses-sur-ses-victimes/feed/</wfw:commentRss>
			<slash:comments>0</slash:comments>
		
		
		<media:content url="https://www.sciencealert.com/images/2024/11/pompeii-golden-bangle.jpg" medium="image"></media:content>
				</item>
		<item>
		<title>Un étrange métal d&#8217;outre-monde trouvé dans un trésor antique</title>
		<link>/un-etrange-metal-doutre-monde-trouve-dans-un-tresor-antique/</link>
					<comments>/un-etrange-metal-doutre-monde-trouve-dans-un-tresor-antique/#respond</comments>
		
		<dc:creator><![CDATA[ApkF]]></dc:creator>
		<pubDate>Sun, 08 Dec 2024 15:04:50 +0000</pubDate>
				<category><![CDATA[Humaines]]></category>
		<guid isPermaLink="false">/?p=58</guid>

					<description><![CDATA[<p>Au milieu d&#8217;un trésor de pièces d&#8217;or étincelantes de l&#8217;âge du bronze ibérique, deux objets corrodés pourraient être les plus précieux de tous. Un bracelet terne et un hémisphère creux rouillé décoré d&#8217;or sont forgés, ont découvert les chercheurs, non pas à partir de métal provenant du sous-sol, mais avec du fer provenant de météorites &#8230;</p>
<p>L’article <a href="/un-etrange-metal-doutre-monde-trouve-dans-un-tresor-antique/">Un étrange métal d&rsquo;outre-monde trouvé dans un trésor antique</a> est apparu en premier sur <a href="/">pense</a>.</p>
]]></description>
										<content:encoded><![CDATA[<p data-sourcepos="5:1-5:142">Au milieu d&rsquo;un trésor de pièces d&rsquo;or étincelantes de l&rsquo;âge du bronze ibérique, deux objets corrodés pourraient être les plus précieux de tous.</p>
<p data-sourcepos="7:1-7:210">Un bracelet terne et un hémisphère creux rouillé décoré d&rsquo;or sont forgés, ont découvert les chercheurs, non pas à partir de métal provenant du sous-sol, mais avec du fer provenant de météorites tombées du ciel.</p>
<p data-sourcepos="9:1-9:328">La découverte, dirigée par Salvador Rovira-Llorens, ancien chef de la conservation du Musée archéologique national espagnol, a été révélée dans un article publié en janvier, et suggère que la technologie et les techniques de métallurgie étaient beaucoup plus avancées que ce que nous pensions en Iberia il y a plus de 3 000 ans.</p>
<p data-sourcepos="11:1-11:333">Le Trésor de Villena, comme on appelle le cache de 66 objets principalement en or, a été découvert il y a plus de 60 ans, en 1963, dans ce qui est aujourd&rsquo;hui Alicante en Espagne, et est depuis considéré comme l&rsquo;un des exemples les plus importants de l&rsquo;orfèvrerie de l&rsquo;âge du bronze dans la péninsule ibérique et dans toute l&rsquo;Europe.</p>
<p data-sourcepos="13:1-13:88">L&rsquo;hémisphère fer-or, dont le diamètre maximal est de 4,5 centimètres. (Musée de Villena)</p>
<p data-sourcepos="15:1-15:356">Cependant, déterminer l&rsquo;âge de la collection a été quelque peu difficile à faire, grâce à deux objets : un petit hémisphère creux, pensé pour faire partie d&rsquo;un sceptre ou d&rsquo;une poignée d&rsquo;épée ; et un seul bracelet en forme de torque. Les deux ont ce que les archéologues ont décrit comme un aspect « ferreux », c&rsquo;est-à-dire qu&rsquo;ils semblent être faits de fer.</p>
<p data-sourcepos="17:1-17:361">Dans la péninsule ibérique, l&rsquo;âge du fer &#8211; où le fer terrestre fondu a commencé à remplacer le bronze &#8211; n&rsquo;a commencé qu&rsquo;autour de 850 avant JC. Le problème est que les matériaux en or ont été datés entre 1500 et 1200 avant JC. Donc, déterminer où les artefacts d&rsquo;apparence ferreuse se situent dans le contexte du Trésor de Villena a été un véritable casse-tête.</p>
<p data-sourcepos="19:1-19:424">Mais le minerai de fer de la croûte terrestre n&rsquo;est pas la seule source de fer malléable. Il existe un certain nombre d&rsquo;artefacts en fer pré-âge du fer dans le monde entier qui ont été forgés à partir de la matière des météorites. Le plus célèbre est peut-être le poignard en fer météorique du pharaon Toutankhamon, mais il existe d&rsquo;autres armes de l&rsquo;âge du bronze fabriquées dans ce matériau, et elles étaient très prisées.</p>
<p data-sourcepos="21:1-21:355">Il existe un moyen de faire la différence : le fer provenant des météorites a une teneur en nickel beaucoup plus élevée que le fer extrait du sol terrestre. Les chercheurs ont donc obtenu la permission du Musée archéologique municipal de Villena, qui abrite la collection, de tester soigneusement les deux artefacts et de déterminer leur teneur en nickel.</p>
<p data-sourcepos="23:1-23:78">Le bracelet de fer, qui mesure 8,5 centimètres de diamètre. (Musée de Villena)</p>
<p data-sourcepos="25:1-25:364">Ils ont soigneusement prélevé des échantillons des deux artefacts et ont soumis le matériau à la spectrométrie de masse pour déterminer leur composition. Malgré le degré élevé de corrosion, qui altère la composition élémentaire de l&rsquo;artefact, les résultats suggèrent fortement que l&rsquo;hémisphère et le bracelet étaient tous deux fabriqués à partir de fer météorique.</p>
<p data-sourcepos="27:1-27:206">Cela résout parfaitement le dilemme de la façon dont les deux artefacts s&rsquo;alignent avec le reste de la collection : ils ont été fabriqués à peu près à la même période, datant d&rsquo;environ 1400 à 1200 avant JC.</p>
<p data-sourcepos="29:1-29:376">« Les données disponibles suggèrent que le capuchon et le bracelet du Trésor de Villena seraient actuellement les deux premières pièces attribuables au fer météorique dans la péninsule ibérique », expliquent les chercheurs dans leur article, « ce qui est compatible avec une chronologie de la fin de l&rsquo;âge du bronze, avant le début de la production généralisée de fer terrestre. »</p>
<p data-sourcepos="31:1-31:304">Maintenant, parce que les objets sont tellement corrodés, les résultats ne sont pas concluants. Mais il existe des techniques non invasives plus récentes qui pourraient être appliquées aux objets pour obtenir un ensemble de données plus détaillé qui aiderait à consolider les résultats, suggère l&rsquo;équipe.</p>
<p>L’article <a href="/un-etrange-metal-doutre-monde-trouve-dans-un-tresor-antique/">Un étrange métal d&rsquo;outre-monde trouvé dans un trésor antique</a> est apparu en premier sur <a href="/">pense</a>.</p>
]]></content:encoded>
					
					<wfw:commentRss>/un-etrange-metal-doutre-monde-trouve-dans-un-tresor-antique/feed/</wfw:commentRss>
			<slash:comments>0</slash:comments>
		
		
		<media:content url="https://www.sciencealert.com/images/2024/02/treasure-of-villena.jpg" medium="image"></media:content>
				</item>
	</channel>
</rss>
